label,count,count_proj
bug,93718,875
enhanc,39563,748
question,23314,550
featur request,12598,118
type bug,11084,43
featur,9802,145
stale,9532,41
help want,7692,487
android,6645,88
wontfix,6348,380
type enhanc,6244,46
need triag,6216,15
duplic,5989,399
status wait for repli,5040,3
io,4391,56
good first issu,4233,220
prioriti medium,4182,42
status auto close,3895,1
eng qa verifi,3184,1
core,2989,17
invalid,2928,279
need more info,2534,37
need info,2523,40
crash,2353,25
type featur,2226,14
platform android,2108,15
archiv,2081,5
task,1814,23
type task,1782,9
platform io,1763,14
prioriti low,1753,49
high prioriti,1728,56
auto migrat,1716,9
prioriti high,1713,48
type defect,1371,8
bug bug,1356,8
test,1334,68
document,1328,141
unverifi,1305,2
type question,1300,25
ui,1298,46
os android,1241,9
perform,1224,38
type crash,1188,4
area render,1164,1
approv,1163,6
in progress,1154,56
build,1154,28
high,1113,13
type featur request,1106,12
os io,1097,7
impact bug,1076,1
feedback requir,1026,2
frozen due to age,1023,1
discuss,1022,72
new featur,1014,37
templat ignor,1013,1
window,1001,17
import,983,22
tool deliv,963,1
help need triag,960,1
qa triag,958,2
pr exist,944,3
status stale,932,9
develop,930,13
eng ui test,929,3
done,921,15
verifi,919,2
low prioriti,918,50
eng intermitt test,917,3
refactor,906,44
type stale,876,1
ux,866,21
decay,865,1
backlog,855,25
support,855,15
featur tab,842,2
not fix,840,34
close by bot,805,4
reader,804,2
triag need,798,1
status accept,792,8
design,774,35
frontend design,767,1
improv,758,28
maco,749,7
legaci,737,5
gui,698,6
post edit,681,1
regress,670,22
area access,662,3
defect,659,4
type question stack overflow,658,1
propos,657,13
media,652,5
bounti,646,10
desktop,637,5
hacktoberfest,630,45
status triag,629,3
web,628,7
type confirm bug,627,2
prio low,621,3
critic,604,20
tool snapshot,597,1
pri low,596,3
access,588,22
tool action,583,1
wallet,579,3
tool spaceship,576,1
need ac,571,1
prioriti,571,16
prio high,567,4
type duplic,564,6
player,550,2
eng readi,549,1
not recent activ,546,2
complet develop,544,2
tool gym,543,1
bug report,536,5
featur search,535,3
medium prioriti,530,15
code,529,6
sourceforg,528,2
tool match,526,1
compon pjmedia,524,1
ysev,519,1
fix,516,29
need more inform,514,13
epic,514,38
bug type bug,511,1
status complet,507,8
notif,494,8
releas,486,26
pin,481,11
linux,479,10
chat,476,2
need gv,473,2
hcl,467,1
compon pjsip,466,1
compos,460,10
pri high,460,3
ignor rule,459,1
featur login,456,2
qaverifi,449,1
not reproduc,449,44
resolut fix,444,3
featur product detail,441,1
leia,441,1
tool pilot,440,1
prelim analysi,437,1
size,428,2
featur homescreen,426,1
need investig,425,15
accept,420,4
is question,418,3
import from googlecod,414,1
prio major,414,1
bugfix,405,5
type possibl bug,404,2
releas blocker,401,6
bugsnag,400,5
ui ux,400,9
pri medium,399,3
featur telemetri,395,3
mobil app,394,2
feat,393,1
featur order detail,392,1
product ac,392,1
triag confirm,388,1
cosmet,387,1
compon pjsua lib,386,1
eng health,384,1
ywcag,376,1
review,374,8
featur toolbar,374,2
thumbnail,371,2
prio minor,371,1
bug devic specif,365,1
request,364,3
keep open,364,2
workflow wait for user respons,362,1
feedback,359,18
block,355,35
communiti,354,3
featur mobil payment,353,1
wait,352,4
game,350,3
doc,350,44
version,348,5
easi,346,17
tool sigh,343,1
target wasm,343,1
complex you can do this,342,1
platform javascript,342,3
featur bookmark,341,2
need reproduct,341,5
fenix,341,2
featur webextens,338,1
pend respons,334,2
prioriti minor,334,1
inact,333,5
sparkl type featur,333,1
user stori,333,10
featur download,332,4
tech debt,332,9
featur media,330,3
medium,325,13
close soon,325,1
qaapprov,323,1
googl play or beta feedback,323,1
addon,319,1
featur privatebrows,317,2
translat,312,37
download,311,2
section,310,1
runtim style,308,1
tool suppli,306,1
featur brows,304,2
tool fastlan,299,2
medium sever,299,1
user feedback,298,4
sprint,297,4
matrix,297,1
featur collect,295,1
need discuss,295,9
meta,294,19
bad media,293,1
type invalid,293,3
engin gecko,292,1
sever high,291,7
offlin,290,2
platform xaml,288,1
question type question,286,1
eng autom,284,3
kotlin,280,10
area inconsist,279,1
welcom contribut,279,2
status preliminari,278,1
auth,277,3
render,277,7
youtub,276,1
high sever,273,2
stat,273,3
prioriti normal,269,2
login,269,3
annot,267,2
featur sync,266,3
status has pr,265,3
css,265,6
section intern,262,1
featur set,261,3
featur theme,260,3
fix implement,259,2
chore,258,10
user interfac,256,10
tool scan,255,1
keycard,255,1
cat bug,254,1
featur improv,254,1
need inform,253,6
compon pjlib,252,1
post list,248,1
web content,247,1
templat miss,245,1
not fix infeas,245,1
pri block,244,1
server,244,8
gl js pariti,243,1
tool frameit,243,1
resolut not templat,242,1
not issu activ,242,3
categori function,241,1
low sever,240,2
prioriti critic,239,15
area bcl mscorlib,239,1
platform net,236,1
type broken window,236,1
need ux feedback,235,2
client,234,2
featur histori,233,2
fix in futur releas,233,1
webview,232,5
not follow templat,232,1
telemetri,232,4
area netcor corelib,230,1
featur autofil,230,3
need author repli,230,1
ui compon,229,1
backend,228,11
enhanc featur,224,1
area schema,224,1
api crashlyt,223,2
status need more info,223,3
epic corefx test,219,1
enhanc rocket,219,1
nearbi,218,2
upstream,218,16
issu cleanup obsolet,218,1
todo,217,15
devic softwar specif,216,1
secur,215,22
prio medium,213,1
featur shortcut,213,1
form,211,2
ci server build tool,211,1
hcl adaptivecard mobil,210,1
user experi,210,4
low,209,10
not librari,208,1
featur tada,208,1
render bug,205,1
general,205,3
fiddl,203,1
compon common,203,2
geckoview,201,3
sever medium,201,4
site creation,200,2
to develop,200,1
featur mainmenu,199,1
widget,199,9
need ux vd,197,1
inquiri,197,2
web extens,196,1
tool,195,12
wait for custom respons,195,3
status done,194,3
autom,194,5
area runtim jit,194,1
stabil team,192,1
common,191,2
confirm,191,8
featur notif,190,6
msteam develop support,190,1
featur pwa,189,3
week digest,188,6
hcl adaptivecard web,188,1
api messag,187,2
reproduc,187,4
mac,186,1
new quest,186,1
mobil client,186,1
cat user interfac,186,1
sensor track,186,1
changelog mention ad,186,2
bug general,185,1
toolbar,185,1
user need help,185,1
intermedi,184,2
featur customtab,183,2
servic messag,183,1
jira sync complet,182,1
mvp,181,3
blocker,179,5
test blocker,179,1
idea,178,14
area bcl system,177,1
issu triag,177,1
known issu,177,10
bug minor,176,4
type doc,176,1
sync,175,8
featur autoupload,175,1
beginn,175,5
resolut duplic,175,4
status regress,171,1
help,170,5
product page,169,1
next releas,169,10
third parti bug,169,2
featur onboard,169,3
partner msftteam,169,1
java,169,10
gear codegen,166,1
connector oc,166,1
browser,165,3
session,163,1
area design,162,1
bites,162,2
databas,162,8
assign,161,3
search,161,6
mobil,160,2
cognito,160,1
readi,160,12
mergin,158,1
platform,158,1
sever low,157,6
impact build error,156,1
gsoc,155,5
develop strategi,155,1
tool screengrab,154,1
app,154,5
comment,154,2
live map,154,1
program gsoc,153,2
usabl,153,12
partner msftteamsmobil,152,1
type document,152,12
unrel,152,3
api,152,18
need attent,151,3
eng disabl test,149,3
servic authent,149,1
api auth,148,2
featur trackingprotect,148,1
api firestor,148,2
can not reproduc,148,1
featur order list,146,1
stat refresh,146,2
wait for author,146,1
not render bug,146,1
potenti bug,146,1
need string,145,2
area build,144,1
tool produc,144,1
specif app site relat iphon,144,1
compat,143,2
eye design input requir,143,1
requir extractor chang,142,1
anki ecosystem compat,142,1
status help want,141,5
nexus,141,1
featur stat,141,1
for review,140,2
up for grab,140,9
difficulti,140,1
hcl adaptivecard io,139,1
bug in platform drm,139,1
edit,139,1
develop compil,139,1
fix them all,139,1
help to reproduc,138,1
status not fix,138,3
firefox account,138,1
aztec,138,1
need design,138,5
featur synctab,138,1
window config,138,1
local,137,9
app support,136,2
gltf,136,1
servic firestor,135,1
flaki issu,133,1
investig,133,16
locat layer plugin,132,1
featur propos,132,3
exampl,132,8
api notif,132,1
resolv,131,6
core librari,131,1
mainten,131,9
group chat,131,2
featur product list,130,1
websit,129,8
featur gestur,128,1
not action need,128,2
compon video,128,1
bug in not releas version,127,1
tab,127,4
pr welcom,126,9
state,126,1
readi for releas,125,2
categori design,125,1
point,125,1
area runtim aot,124,1
topic swift,124,1
widget textfield,124,1
is suggest,123,1
nux,123,1
dev,121,2
analyt,121,3
research,120,11
code qualiti,120,6
area packag,119,1
do,119,2
resolut extern,119,2
featur openinapp,118,2
dev discuss,118,1
urgent,117,12
compon pjnath,117,1
section video,117,1
area document,117,2
migrat,117,3
area debugg,117,1
infrastructur,117,11
status in progress,115,13
suggest telescop,115,1
area bcl system window form,114,1
enhanc sparkl,114,1
jetpack,113,2
os window,113,5
resolut by design,113,2
featur readermod,112,2
featur share,112,3
platform window,112,7
platform linux,112,3
android app,112,2
cc autofil,112,1
push,112,2
simul enhanc,111,1
featur wallpap,111,1
iot,111,3
locat track,111,2
implement review,111,1
featur androidintegr,110,1
has pr,110,2
solv,110,5
good to know,110,3
bounti xs,110,1
suggest,109,12
difficulti easi,109,8
feed,109,1
my site dashboard,109,1
develop ide,109,1
product addit,109,1
propos accept,108,1
featur sitepermiss,108,2
node js,108,1
releas candid,107,1
user experi ok hand,107,1
resolv fix,107,1
pend,107,10
cat enhanc,106,1
mobilemessagingrd,106,1
clean up,106,3
site set,106,1
area tool,105,1
easi fix,105,1
type discuss,104,3
webcompat,104,3
set,104,7
can not understand the question,103,1
not ijkplay issu,103,1
mode,103,1
featur ship label,103,1
intermitt test,102,1
scan,102,2
qt,102,1
refer browser,102,1
engin system,102,1
offlin support,101,2
tablet,101,7
featur contextmenu,101,1
need gecko,100,1
not bug,99,8
page list,99,1
ci,99,13
game logic,99,1
backup,99,2
wait for repli,99,6
rocket type enhanc,98,1
acknowledg,98,1
categori analyt,98,1
resolut not applic,98,1
gutenberg mobil,97,1
api inappmessag,97,2
target xamarin io,97,1
qanotneed,97,1
platform share model,96,1
tool pem,96,1
featur fennectransit,96,1
swift,96,4
wear os,96,1
user more info need,95,1
area runtim,95,1
is bug,95,2
eng build,95,1
sev low,94,1
on hold,94,16
featur order creation,94,1
compon applic,93,1
type ci,93,2
hourglass wait for info,93,1
navig,93,4
jetpack focus,93,1
os linux,93,5
sev normal,92,1
triag,92,7
mobilecompon,92,1
servic databas,92,1
window engin,91,1
mapkit pariti,91,1
bug critic,91,2
annot plugin,91,1
extens,91,1
contributionwelcom,90,2
assign not collab,90,1
project generat,90,1
type technic debt,90,3
widget topappbar,89,1
developmentvers,89,1
categori code,89,2
tool cert,89,1
type support,88,4
icon,88,4
plugin,88,5
mobil request,88,1
landscap,88,1
depend,88,28
type leak,88,1
featur migrat,87,1
web engin,87,1
intern,87,6
jetpack app,87,1
overview,87,3
android stori detail,86,1
featur account,86,1
advanc,86,2
architectur,86,6
status releas,86,2
resolut user issu,86,1
more info need,86,4
compon pvr,85,1
miss issu templat,85,3
workflow need review,85,1
nicco doe not want to solv this,85,1
not on plan,85,1
schedul,85,5
tool fastlan core,85,1
develop xp,85,1
opengl,84,4
recheck,84,1
object,84,1
await respons,84,5
menu,84,2
eng qa not need,84,1
map mapsforg,84,1
storag,83,5
enchanc,83,2
android engin,83,1
difficulti medium,83,6
hcl adaptivecard android,83,1
vulkan,82,1
prioriti import,82,3
data corrupt sync failur crash,82,1
user look for contributor,82,1
linux config,82,1
action,82,2
close reason wontfix,82,2
not fix app issu,81,1
api perform,81,2
featur searchprovid,81,1
help general,81,1
area runtim thread,81,1
cat featur req,80,1
prompt,80,1
is enhanc,80,2
must,80,4
structur data,80,1
jetpack mobil,80,1
common model,80,1
travel,79,1
onboard,79,4
api databas,79,2
public beta,79,2
car runtim,79,1
ux bust in silhouett,78,1
target arm,78,1
spike,78,3
content not play,78,1
low hang fruit,78,6
help good first issu,78,1
ui ux improv,78,1
content,77,2
status invalid,77,2
willfix,77,2
data,77,2
featur ime,77,1
type mainten,77,10
featur searchwidget,76,2
not fix intend behavior,76,1
techdebt,76,1
share,75,5
await repli,75,3
featur privaci secur,75,2
test ok,75,1
pend releas,75,3
compon pjlib util,75,1
post,75,1
fish form,74,1
categor,74,1
categori ui,74,2
resolut wontfix,74,2
open beauti fact,73,1
evalu,73,2
featur sendtab,73,1
status duplic,73,4
caldav,73,1
bug confirm,73,1
featur snackbar,73,2
android feed list,73,1
api mlkit,73,2
store woo product,72,1
eleph gradl plugin,72,1
explor,72,1
android tv,71,2
beta request,71,1
featur call,71,1
push notif,71,3
autofil,71,2
featur crashreport,71,2
gl io,71,1
theme,71,3
urgenc low,70,1
xcode,70,1
first timer onli,70,5
wait for feedback,70,4
audio,70,3
need confirm,70,4
should have,69,2
activ center,69,1
need reproduc,69,2
readi to develop,69,1
hour,68,1
futur,68,4
pwa,68,1
design need,68,1
debat,68,1
api core,68,1
more info,68,2
need more detail,68,1
cat audio video,68,1
dark mode,67,2
scene,67,1
featur other,67,1
my site,67,1
widget bottomsheet,67,1
epic ldml,67,1
featur chat,66,1
servic crashlyt,66,1
prepublish nudg,66,1
dev version,65,2
user support,65,1
need crossfunct,65,1
ux enhanc,65,1
privat beta,65,1
shop,65,1
me,64,1
featur coupon,64,1
mr,64,2
interfac,64,3
hcl adaptivecard univers,64,1
visual studio,64,1
area runtim interpret,64,1
wip,64,12
widget datepick,64,1
android stori list,64,1
repro need,64,1
signup,64,2
section sound,63,1
resolut need repro,63,1
type work as intend,63,1
gpu specif,63,1
status avail,63,4
sitepermiss,63,1
greenkeep,63,6
status issu need investig,63,1
area profil,62,1
calypsof,62,1
callstack,62,1
minor,62,4
awesomebar,62,1
api analyt,62,2
sdk,62,2
file cabinet normal cach,62,1
new reader android,62,1
compon pjmedia audiodev,62,1
hcl adaptivecard wpf,61,1
beta,61,7
customtab,61,1
servic admob,61,1
triag has propos fix,61,1
area runtim crash report,61,1
eng qualiti,61,1
connector gk,61,1
resolut solut provid,60,1
intern bug file,60,3
featur homescreenshortcut,60,1
categori architectur,60,1
router,60,2
npe,60,1
status need clariti,60,1
quick start,60,1
servic link,60,1
rtl,59,3
address,59,3
uniti,59,2
psxpc,59,1
function,59,3
histori,59,2
bug in platform,59,1
nice to have,59,9
type question support,58,1
gci,58,2
status issu in progress,58,1
must have,58,2
faq,58,8
complet,58,2
bugathon,58,1
affect beta,58,1
need ux investig,58,1
major,57,5
servic storag,57,1
area runtim metadata,57,1
preview,57,2
status need addit info,57,2
localis translat,57,1
api remoteconfig,57,2
ver,57,2
boost,57,1
featur app set,57,1
crashlyt,56,2
contain,56,3
store woo order,56,1
spec,56,4
wp stori,56,1
eng tech debt,56,2
featur cud,55,1
enhancementtyp enhanc,55,1
list,55,3
strip test,55,1
topic authent,55,1
status wontfix,55,5
work in progress,54,12
manag,54,4
locat,54,5
high prioriti fire engin,54,1
mayb,54,2
disabl test,54,1
gwt,54,1
languag,54,5
optim,54,6
area runtim gc,54,1
alway fresh,54,1
os maco,54,3
bounti await approv,54,1
mileston,54,2
status discuss,54,1
extern,54,3
featur qrcode,54,1
featur errormessag,54,1
type firebas,53,1
note editor,53,1
compon client,53,1
mag type investig,53,1
temp close,53,1
eng bug auto found,53,4
new issu,53,2
featur variat detail,53,1
eng task,52,1
featur templat,52,1
semver major,52,1
widget slider,52,1
target xamarin android,52,1
break,52,4
compon add on,52,1
deprec,52,4
small enhanc,52,2
team confirm,52,1
network,52,6
await feedback,52,5
code enhanc,52,2
status on hold,52,7
not verifi,52,1
regress sdk saf,52,1
noresponsefromsubmitt,52,1
chatfeatur,52,1
resolut invalid,51,3
bug layout,51,1
node,51,2
think question,51,1
document candid,51,1
affect,51,1
app bug,51,1
yusabl,50,1
help need,50,8
firebas,50,5
exposur notif,50,1
more inform,50,1
server hous with garden,50,1
googl task,50,1
clipper,50,1
editor,50,3
domain,50,3
store post,50,1
flutter,50,5
input,50,4
incorrect templat usag,50,1
area tool msbuild,50,1
area templat,49,1
featur inactivetab,49,1
front end,49,1
my site dynam card,49,1
servic analyt,49,1
bug pend triag,49,1
bounti st place medal,49,1
devop,49,5
compon pjmedia videodev,49,1
fix in upcom releas,49,1
spam,48,4
type spam,48,1
dapp compat,48,1
ergonom,48,1
status workaround avail,48,1
unconfirm,48,7
close,48,1
releas soon,48,1
effort,48,1
media picker consolid,48,2
status need more inform,48,1
featur textselect,48,1
invalid duplic,48,1
gradl,48,7
readi for test,47,6
effort half day or less,47,1
lwjgl,47,1
not need verif,47,1
repo server,47,1
oldignor,47,1
wait for custom,47,3
work on it,47,1
close duplic,47,2
featur refund,47,1
api dynamiclink,47,2
type function,47,1
status not implement,47,1
bug in depend,46,1
multipl project support,46,1
valid,46,2
reject,46,2
your first pr,46,1
code refactor,46,2
cloud push messag,46,1
issu featur request,45,1
place plugin,45,1
pla xlib,45,1
area bcl system net http,45,1
upstream markdown,45,1
possibl bug,45,4
lint,45,6
gutenberg,45,2
asap,45,1
eng releas,45,1
jetpack plugin,45,1
resolut not fix,45,2
area input,45,1
map gmapsv,44,1
area tool mkbundl,44,1
type not reproduc,44,1
ux ui,44,2
lifestyl,44,1
observ report,44,1
tab view,44,2
need stream sampl,44,1
status feedback,44,1
unclear,44,2
await design feedback,44,1
question answer,44,1
widget tab,44,1
upstream issu,44,2
pinpoint,44,1
need sumo,44,1
blog remind,44,1
problem,44,2
soundcloud,43,1
bundestag io,43,1
person,43,1
alarm,43,2
has user test,43,1
area project issu,43,2
normal prioriti,43,2
libopac,43,1
partner ciscowebex,43,1
masterbar,43,1
deeplink,43,2
wait for respons,43,5
linux engin,43,1
vendor specif,43,1
angular cli,43,1
issu bug,43,2
featur scout,43,1
categori access,43,2
stupid,42,3
pixel perfect app,42,1
home,42,3
api todo,42,1
anr,42,4
help discuss want,42,1
qgis,42,2
gamelog,42,1
media detail,42,1
close soon if not respons,42,1
view sis,42,1
msrp,42,1
status block,42,8
metal,42,1
imag upload,42,1
complex medium,42,1
map,41,3
need qa,41,2
work amount small,41,1
command improv,41,1
resourc,41,2
user input requir,41,1
wp calc,41,1
regress sdk,41,1
layout,41,5
html,41,5
open later,41,3
area bcl system web,41,1
compon databas,41,1
allergen,41,1
technic debt,41,6
featur requestdesktopsit,40,1
topic xcode,40,1
to review,40,3
area runtim loader,40,1
appl,40,1
keyboard,40,2
featur apk,40,1
compon pjsua,40,1
focus,40,1
nimbus,40,2
featur bundl,40,1
domain intern,40,1
linuxarm,40,1
galleri,40,1
peopl manag,40,1
featur transit,40,1
mod galleri,40,1
cli,40,3
nfts,40,1
ia,39,1
send cgeo,39,1
featur unlock,39,1
taskcontinu,39,1
good for beginn,39,1
categori tool,39,1
communic,39,3
connect,39,3
platform maco,39,4
ledger,39,1
scene spec,39,1
topic android,39,1
swap,39,2
futur releas,39,5
prioriti urgent,39,2
system,39,2
mod file oper,39,1
about video,39,1
team key manag,39,1
not riru problem,39,1
stat revamp,38,1
awesom,38,2
good first issu st place medal,38,1
secur token,38,1
playlist,38,1
code review,38,1
domain ux,38,1
nutrit fact,38,1
close invalid,38,2
osx,38,1
featur fxa,38,2
out of scope,38,1
calendar,38,2
glean,38,1
featur review list,38,1
qa verifi,38,1
io app,38,1
ffmpeg question,38,2
bogu,38,1
to do,38,5
flag trash,38,3
etp,37,1
user educ,37,1
could have,37,1
featur simpl payment,37,1
need product,37,2
review need,37,3
invalid wontfix,37,2
team mobil client,37,1
hockeyapp,37,1
nich,37,1
hard,37,5
continu integr,37,3
releas block issu,37,1
beta blocker,37,1
widget bottomnavig,37,1
more info requir,37,2
rust,37,1
noinfo,37,1
need review,37,9
text render,36,1
good for start contributor,36,1
pla window,36,1
player notif,36,1
heavi check mark fix in snapshot,36,1
answer,36,2
featur team,36,1
common resourc,36,1
compon music,36,1
featur variat list,36,1
topic instal,36,1
not fix obsolet,36,1
featur analyt,36,1
need breakdown,36,1
maintain,36,2
pend pull request,36,1
secur policeman,36,1
angular,35,6
eng reopen for qa,35,2
offlin plugin,35,1
platform twitter,35,1
undetermin,35,1
android auto,35,3
obsolet,35,3
complex,35,2
frontend,35,2
impact crash,35,1
backend relat,35,1
compon network,35,1
technic research,35,1
categori,35,2
widget button,35,1
complex low,35,1
good first,35,1
cat segv,35,1
achiev,35,2
wait for inform,35,1
swingui,35,1
app link,35,1
should,35,2
compon audio,34,1
new compon,34,2
featur searchtermtab,34,1
log pls,34,1
unknown,34,2
resolut worksform,34,1
featur rest api,34,1
plan,34,10
difficulti hard,34,7
cleanup,34,5
site picker,34,1
status solv,34,2
epic coop,34,1
compon python,34,2
sync tab,34,1
tool type,34,1
featur discoveri,34,2
track issu,34,1
field test,34,1
wamp,34,1
report,34,3
area transact,33,1
store site,33,1
sdk version,33,1
area runtim reflect,33,1
eng ux debt,33,1
affect alpha,33,1
code cleanup,33,2
jqueri,33,1
concept,33,2
categori user interfac,33,2
epic roslyn test,33,1
jasmin,33,1
wait for user test,33,1
area compil,33,1
psx,32,1
depend updat,32,3
rout,32,3
restor,32,1
new design quo,32,1
new opac api,32,1
db,32,3
weird behavior,32,1
domain document,32,1
prs welcom,32,1
section typographi,32,1
card browser,32,1
featur pocketintegr,32,1
swing,32,1
work amount moder,32,1
readerview,32,1
need api support,32,2
area bcl wcf,32,1
requir design work,32,1
connector gc,32,1
type ui,32,1
mockup avail,32,1
mod imag view,32,1
type unknown,32,1
studi suggest,32,1
target in android dev,31,1
sumo,31,1
detect,31,1
size small,31,2
metadata,31,2
statist,31,1
gem featur,31,1
modif,31,1
need feedback,31,4
need ux,31,1
question question,31,1
peertub,31,1
question grey question,31,2
idea backlog,31,1
perf,31,4
compon subtitl,31,1
releas process,31,2
categori engin,31,1
project setup,31,2
troubleshoot,31,1
atom potenti irrelev,31,1
pr pend,31,1
queue,31,1
could,31,1
pair,31,1
is miss templat,31,1
webassembl,31,1
area websit,31,1
resolut not repro,31,1
jetpack compos,31,1
long term plan,30,1
featur china,30,1
type wontfix,30,2
solut post,30,1
boss,30,1
area runtim pal,30,1
addit,30,2
gif support,30,1
block firebas sdk,30,1
area infrastructur,30,1
not,30,2
up for grap,30,2
releas bug,30,1
alpha,30,2
new discoveri,30,1
top site,30,1
gps,30,1
platform pariti,30,1
area runtim interop,30,1
backward incompat,30,4
multiservic,30,1
blog prompt,30,1
store media,30,1
flag wontfix,29,3
featur convers,29,1
depend notat,29,1
need retri,29,1
partner msftbotframework,29,1
workinprogress,29,2
bug product,29,1
type improv,29,2
custom report,29,1
rocket,29,2
googl account,29,1
computerplay,29,1
wiki,29,7
featur edit,29,1
public,29,1
topic itun transport,29,1
third parti issu,29,2
core ui groom,29,1
featur findbar,29,1
featur request enhanc,29,1
resolut not reproduc,29,1
walletconnect,29,2
cardsengin,29,1
sev high,29,1
design requir,29,1
unifi login sign up,29,1
platform web,28,4
art layout,28,1
iphon sampl,28,1
need author feedback,28,1
tool plugin,28,1
gsoc brows,28,1
libqaul,28,1
sourc play conol,28,1
research stori,28,1
area usabl,28,1
light theme,28,1
need size,28,1
eng document,28,1
filesync,28,1
azur core,28,1
platform improv,28,1
portabl,28,1
widget timepick,28,1
firebas instal,28,1
map render,28,1
tag categori manag,28,1
area runtim perform,28,1
area bcl system draw,28,1
map unifi,28,1
featur support,28,2
effort xs,28,1
recurr,28,1
op ex,27,1
circumst clarif,27,1
action bar,27,2
break chang,27,6
hold,27,3
flow in review,27,1
compon ui,27,4
taxonomi,27,1
need metric,27,1
project cancel,27,1
inform,27,6
codeblock,27,1
api chang,27,3
lowprior,27,2
invalid not reproduc,27,1
compon set,27,1
googl map pariti,27,1
touch,27,1
beginn level,27,1
flag help want,27,3
area netcor runtim,27,1
featur grade,27,1
wait respons,27,3
type,27,2
languag pronunci,27,1
featur export,27,1
area markdown,27,1
io engin,27,1
featur schedul,27,1
screenshot generat,27,1
subtask,27,1
status pr readi for review,26,1
base,26,2
vue,26,2
autocomplet,26,2
ms window,26,1
foundat,26,1
connector al,26,1
more inform need,26,4
issu cleanup ask report,26,1
gif,26,1
contextmenu,26,1
dep it,26,1
custom app,26,1
area ui,26,1
plan checkout,26,1
flag test,26,1
compon gui engin,26,1
housekeep,26,4
multilingu product,26,1
dataprivaci,26,1
featur recenttab,26,1
design discuss need,26,1
gamif,26,2
apothecari,26,1
not player issu,26,1
media edit,26,1
push servic,26,1
self host,26,1
kinesi video,26,1
roadmap,26,2
flutter upgrad opt,26,1
ecoscor,26,1
data hour,26,1
platform windowsstor,26,1
graphic,26,2
compon skin,25,1
hi prioriti,25,1
compon unit test,25,1
featur podcast,25,1
invalid obsolet,25,1
main code relat issu,25,1
status unreproduc,25,1
librari data,25,1
urgenc medium,25,1
not respons,25,4
status issu suggest discuss,25,1
metric,25,1
modul issu,25,1
wait for merg to master,25,1
api storag,25,2
close reason not repli,25,2
xoauth,25,1
engin,25,1
js runtim,25,1
status wait for custom respons,25,1
announc,25,11
pull request welcom,25,2
incom issu,25,1
still await repli,25,1
function synchronis,25,1
ktx,25,2
bookmark,25,2
minor issu,25,1
fatal crash report,25,1
requir,25,4
if possibl,25,1
compon video render,24,1
contribut welcom,24,3
gl,24,2
ux feedback,24,1
googl play crash report,24,1
checklist,24,1
area sdk packag,24,1
perf startup,24,2
pre releas,24,2
contain save game,24,1
epic default interfac method,24,1
websocket,24,1
issu featur,24,1
app version,24,2
compon server,24,1
event,24,2
profil,24,1
support sev,24,4
adjust,24,1
test process,24,1
comparison,24,1
need test,24,6
program gci,24,1
ingredi analysi,24,1
not replic,24,1
collect,24,3
ffmpeg,24,2
fetch,24,1
bug beetl,24,2
specif to android version,24,1
tag,24,2
status issu need design,24,1
store plugin,23,1
ieg,23,1
correct,23,1
tts,23,2
hackathon,23,2
call log,23,1
epic product integr,23,1
status fix in,23,1
mod map,23,1
upstream buck issu,23,1
pri critic,23,1
mod folder picker,23,1
ui improv,23,2
status in review,23,2
status investig,23,1
extern depend,23,2
perfect,23,1
new stuff,23,1
card,23,1
ta,23,1
style,23,3
status need info,23,2
featur in app purchas,23,1
product,23,6
font,23,1
front end hibiscus,23,1
watchfac,23,1
samsung,23,1
readi for develop,23,1
type will close on merg,23,1
pla cocoa,22,1
phase,22,1
read plan,22,1
librari,22,1
notifi,22,1
local plugin,22,1
is faq candid,22,1
cr,22,1
fix is in develop,22,1
kinesi,22,1
app set,22,3
demo,22,2
proplugin,22,4
cat messag,22,1
typescript,22,4
view stream,22,1
triag test and not reproduc,22,1
featur authent,22,1
chat reliabl,22,1
legal,22,5
mms,22,2
item,22,1
cat file transfer,22,1
api instal,22,1
about camera,22,1
outag,22,1
keep in mind,22,2
dns,22,2
ur,22,1
nondevelop,22,1
locat android app,22,1
translat globe with meridian,22,1
featur searchgrouphistori,22,1
schat uur,22,1
bug crash,22,2
ux issu,22,1
compon content,22,1
sourc code,22,1
javascript,22,3
free for all,21,1
featur creat,21,1
modal page,21,2
area runtim embed,21,1
need jb respons,21,1
partner,21,1
third parti integr,21,1
open product fact,21,1
stabl releas blocker,21,1
refactor recycl,21,1
dictionari,21,2
local databas,21,1
tool circl,21,1
audio addon,21,1
platform expo,21,2
privaci,21,3
facebook web,21,1
sampl,21,6
qfieldcloud,21,1
featur databas,21,1
screensav,21,1
indigo,21,1
as design,21,3
featur send feedback,21,1
expo,21,6
view hour,21,1
type not api,21,1
deploy,21,4
cat regress,21,1
impact web implement,21,1
howto,21,2
store woocommerc,21,1
close immedi,21,1
code session,21,1
featurerequest,21,1
need dev review,21,1
complex high,21,1
area bcl system data,21,1
document bug,21,3
mod filter,21,1
compon json rpc,21,1
cnr,21,2
widget badg,20,1
lisp,20,1
talkback,20,1
fdroid,20,5
droid,20,4
featur review detail,20,1
crucial,20,1
sync login,20,1
type request,20,2
from user,20,1
contact support instead,20,2
express,20,1
compon wiki,20,1
upstream sso,20,1
widget snackbar,20,1
servic app core,20,1
platform mastodon,20,1
question support issu,20,1
pr provid,20,1
tool credenti manag,20,1
help need test,20,1
advanc remind,20,1
dynam toolbar,20,1
firestor,20,1
connector ec,20,1
track protect fadp xx,20,1
difficulti dev,20,1
trakt,20,1
list view,20,2
engsi,20,1
text,20,1
oem fv,20,1
lfe,20,1
inconsist,20,1
discard,20,1
peer review,20,1
not an issu but question use our mail list,20,1
need detail,20,3
status abandond,20,1
api bug,20,1
type investig,20,1
not fix not reproduc,20,1
repo websit,20,1
wave good first issu,20,1
function interact devic,20,1
info need,20,1
watch,19,1
ac integr,19,1
question clarif,19,1
permiss,19,3
june,19,1
multimedia,19,1
wait userrespons,19,1
summari tab,19,1
area bcl system core,19,1
nativescript,19,1
geoshap,19,1
mod mediadb,19,1
area testingandqu,19,1
indieweb,19,1
is miss reproduct,19,1
compon input,19,1
intern cleanup,19,1
foxfood,19,1
usag,19,4
cat overhead,19,1
static analysi,19,1
topic resign sh,19,1
featur android,19,1
topic mac,19,1
rea gerai,19,1
startup,19,1
need design audit,19,1
featur home screen,19,1
is help want,19,1
tool precheck,19,1
epic net api,19,1
incomplet,19,4
camera,18,2
fwdandshar,18,1
eng test debt,18,1
featur push,18,2
qr,18,1
categori content,18,1
privaci data protect,18,1
util,18,2
cs track,18,1
oem,18,1
en name,18,1
store account,18,1
under investig,18,1
not an issu,18,1
store woo stat,18,1
not fatal crash report,18,1
store woo notif,18,1
categori suggest,18,1
mod set,18,1
cauldron,18,1
status not reproduc,18,3
extern lib,18,1
polish,18,1
connector su,18,1
photo manag,18,1
mutualcontact,18,1
wall of shame,18,1
starter issu,18,1
rememb this,18,1
voic,18,2
string,18,1
build system,18,2
environ,18,1
topic rubi,18,1
state analysi,18,3
servic remot config,18,1
devic need,18,1
issu access,18,1
tool watchbuild,18,1
version upgrad,18,1
youtub player flutter,18,1
solv it yourself,18,1
size xl,18,1
beginn friend,18,1
servic function,18,1
widget bottomappbar,18,1
type code improv,18,2
possibl enhanc,17,1
featur inbox,17,1
upstream bug,17,2
featur not avail,17,1
green,17,1
acodec addon,17,1
categori won fix,17,1
anim,17,4
type track,17,1
branch,17,1
simpl,17,2
need outsourc,17,1
difficult,17,1
money tab,17,1
comment unif,17,1
prioriti slight import,17,1
type ship hold,17,1
user guid,17,1
mac engin,17,1
bytecod verif,17,1
type react nativ,17,1
mvi,17,1
compon disc,17,1
need repro,17,2
post logic improv,17,1
challeng,17,1
mac config,17,1
candid,17,2
fix in,17,1
cat build system,17,1
type featur releas,17,1
screenshot avail,17,1
flag long term,17,2
new sampl communiti request,17,1
more inform requir,17,1
tech,17,4
prioriti med,17,4
harlequin,17,1
pocket,17,1
readi for eng breakdown,17,1
geonet question,17,1
date time,17,1
open pet food fact,17,1
status js api,17,1
help io,17,1
data general,17,1
compon gui render,16,1
status not action,16,1
api bom,16,1
media ccc de,16,1
workaround avail hammer and wrench,16,1
type github api,16,1
area sampl,16,1
is wait for feedback,16,1
ai,16,2
common web,16,1
chrome custom tab,16,1
secur vulner,16,1
mockup requir,16,1
first seen issu,16,1
is discuss,16,2
featur form,16,1
wait for releas,16,2
nix,16,1
android applic,16,1
power,16,1
sta duplic,16,1
integr test,16,1
implement,16,4
handshak help want,16,1
not problem with boost,16,1
class,16,1
view transport,16,1
fastlan,16,2
long term,16,4
undecid,16,2
widget dialog,16,1
movetofenix,16,1
investig need,16,3
issu catalog,16,1
ns next,16,1
tool travi,16,1
spyke,16,1
exoplay bug,16,1
usabl issu,16,1
espresso support,16,1
cs report,16,1
communiti pr,16,5
nutriscor,16,1
plugin request,16,1
ta sign off,16,1
server app,16,1
errorpag,16,1
status pend,16,3
unicorn enhanc,16,1
lollipop lollipop contrib easi,16,1
type in progress,16,1
newbi friend,16,2
post set,16,1
code improv,16,1
promot my app,16,1
track,16,2
widget note list,16,1
dom,16,1
topic maco catalina,16,1
develop fork,15,1
other,15,4
checklistview,15,1
flavor beta,15,1
bottom navig,15,1
view menus,15,1
topic error gone fallout,15,1
resolv answer,15,1
legaci espeak,15,1
block firebas support,15,1
compon third parti,15,1
area frontend,15,1
help android,15,1
status need design review,15,1
area backend,15,1
document need,15,2
qfieldsync,15,1
api appdistribut,15,1
view calendar,15,1
nutrit edit,15,1
ingredi,15,1
new,15,2
color,15,2
type secur,15,3
widget card,15,1
bash,15,1
target,15,1
featur jetpack cp,15,1
func build,15,1
purchas,15,1
categori woo extens,15,1
webnotif,15,1
record,15,2
requir new sdk,15,1
default browser request,15,1
shortcut,15,2
featur more menu,15,1
error manag,15,1
domain artifact,15,1
needsinfo,15,2
toverifi,15,1
algorithm,15,1
cat tray,15,1
enhanc is out of scope,15,1
featur dashboard,15,1
depend on wallabag server,15,1
type test,15,3
cat secur,15,1
epic interpret,15,1
dynamodb,15,1
groundskeep,15,2
function render,15,1
safetynet droidguard,15,1
featur local,15,1
confer,15,1
not fatal marker,15,1
phase to consid,15,1
card templat editor,15,1
gradl plugin,15,3
area bcl mono secur,15,1
distro support,15,1
notic,15,2
dialog addon,15,1
function chrome cast,15,1
clickabl of valu,15,1
help want rais hand woman,15,1
categori perform,15,1
test again,15,1
categori pariti,14,1
channel,14,1
golang,14,1
sticker,14,1
ice box,14,1
overlay,14,1
channel group,14,1
hi prio,14,1
featur shape,14,1
home screen,14,1
wirefram,14,1
build error,14,2
need team attent,14,1
dif trivial,14,1
mention,14,1
mod media scanner,14,1
hotspot,14,2
tv onli,14,1
coffe java,14,1
templat,14,2
platform rpi,14,1
contributor experi,14,1
minor bug,14,3
wait for upstream hourglass flow sand,14,1
help want from communiti,14,1
must have for st alpha releas,14,1
activ log,14,1
repo develop,14,1
need str,14,1
featur core,14,1
wikidata,14,2
ocorr ncia,14,1
readm,14,1
eng perf impact,14,2
widget floatingactionbutton,14,1
favorit,14,1
perf resourc use,14,3
flavor alpha,14,1
fisher feedback,14,1
vector miss,14,1
incompat,14,2
sampl app redesign,14,1
area perform,14,2
resolv duplic,14,1
wait for detail,14,1
android pie,14,1
kubernet,14,1
nodialog,14,1
sort,14,1
featur voic,14,1
share to open food fact,14,1
entiti,14,1
next,14,4
adb,13,1
zendesk,13,1
protobuf,13,1
need uplift,13,1
nwoc,13,1
android fadp,13,1
infrastructur op,13,1
basic todo,13,1
featur store creation,13,1
play store,13,3
api function,13,2
central engsi,13,1
function chapter,13,1
demo code need,13,1
chrome,13,1
epic sdks,13,1
project manag,13,2
eng secur,13,1
can reproduc,13,1
next up,13,1
devic specif,13,4
categori ui test,13,1
compon filter,13,1
design ui,13,1
stackoverflow,13,1
type layout fix,13,1
sever critic,13,6
topic sign,13,1
dev task,13,1
javarosa,13,1
applic,13,1
widget navigationview,13,1
anyth chat,13,1
playback,13,2
technic,13,1
rfc,13,3
ok to test,13,1
traffic plugin,13,1
store list,13,1
status go,13,1
kk releas,13,1
will close on merg,13,1
has solut,13,1
codepush,13,1
widget singl note,13,1
client request,13,1
tool and exampl,13,1
status not start,13,1
help want rais hand with finger splay,13,1
discount,13,1
api gateway,13,1
view stoprint,13,1
vote up,13,1
be fix,13,1
performanceimprov,13,1
mod intent api,13,1
ok,13,1
intermedi level,13,1
global set,13,1
app obsidian,13,1
offseason project,13,1
api updat requir,13,1
codequ,13,1
easi pick,13,1
call subscript,13,1
communic call server,12,1
sign off,12,1
featur pair,12,1
rom,12,1
brand,12,2
perform issu,12,2
wait feedback,12,1
user test fail,12,1
categori explor,12,1
oem fv android,12,1
sticki,12,1
status fix releas,12,1
area podcast index podcast,12,1
tilemap,12,1
scroll,12,1
current in product,12,1
refin,12,1
area tool linker,12,1
area bcl facad,12,1
playstor,12,2
compon codegen,12,1
basic featur,12,1
area bcl system xml,12,1
authent,12,1
splunkmint,12,1
delay,12,2
materi,12,1
featur contentcontextmenus,12,1
mascot capsul,12,1
compon logic,12,3
need decis,12,2
bind,12,2
vote thumb up if you like it,12,1
widget chip,12,1
widget progressind,12,1
sentri,12,2
asset,12,1
scale plugin,12,1
glean nimbus,12,1
type refactor,12,1
root,12,3
splash screen,12,1
dataprotect,12,1
categori major,12,1
rd parti support,12,1
need verif,12,1
onboard improv exist user,12,1
bandcamp,12,1
categori unit test,12,1
domain ci,12,1
categori question,12,1
post editor,12,1
need analysi,12,3
datafe,12,1
help want heart eye,12,1
featur fulfil,12,1
ui test,12,1
dif easi,12,1
sta upstream,12,1
extern contributor friend,12,1
type general,12,1
prioriti veri low,12,2
under the hood,12,1
mobilenotif,12,1
user xp,12,1
messag context drawer,12,1
extern blocker,12,1
followup,12,1
add on contact,12,1
verbeteringen,12,1
await more inform hourglass,12,1
status research,12,1
bug upstream,12,1
unifi about,12,1
flavor foss,12,1
new schema,12,1
status will not fix,11,2
productbrowsinglistact,11,1
account manag,11,1
contribut,11,2
qt migrat,11,1
need verifi,11,1
area compil il,11,1
rx,11,1
ingredientsproductfrag,11,1
brainstorm,11,1
thirtyinch,11,1
epic tail call,11,1
android premium,11,1
apk size,11,1
featur privaci,11,1
log miss,11,1
need ur,11,1
dx,11,1
secur proxi,11,1
requir deliber,11,1
block react nativ,11,1
webpack,11,1
categori duplic,11,1
code health,11,1
js api,11,1
difficulti low,11,1
webxdc,11,1
web ui,11,2
developerxp,11,1
flag devic specif,11,2
featur experi,11,1
flag duplic,11,2
status to verifi,11,1
emul core,11,1
picker,11,1
info announc,11,1
featur home,11,1
stabl,11,1
hotfix,11,3
size medium,11,1
miss reproduc,11,1
track intern,11,1
featur ts,11,1
packag,11,3
sp,11,1
qa pass,11,1
markdown,11,2
pla android,11,1
compon binari add on,11,1
target xamarin mac,11,1
locus map relat,11,1
have not idea,11,1
featur widget,11,2
distribut,11,3
toxcor,11,1
close reason duplic,11,1
main featur,11,1
fix in next version,11,1
won fix,11,1
lockwis,11,1
issu internation,11,1
featur batteri,11,1
menus,11,1
misc,11,2
proposit,11,1
view home,11,1
view set,11,1
chrome os,11,1
disposit file intern,10,1
type old fh,10,1
cat unicod,10,1
java bindgen,10,1
area tool csharp,10,1
need geckoview api,10,1
later,10,2
need info repro,10,1
delet site,10,1
requir experi,10,1
block by depend,10,1
code smell,10,1
jetpack theme,10,1
unimpl,10,1
servic perf,10,1
section hardwar,10,1
area global local,10,1
servic ml,10,1
need to reproduc,10,1
klar,10,1
compon log,10,1
new sampl,10,1
area hostconfig,10,1
status need discuss,10,1
experi,10,1
visual,10,1
am rcs,10,1
block quarantin,10,3
misattribut,10,1
runner,10,1
usag question,10,1
acces,10,1
lijsten,10,1
raspberri pi,10,2
hang,10,1
build construct work in progress,10,1
site request,10,1
dos,10,1
markerview plugin,10,1
build plugin,10,1
higheffort,10,1
compon geocach api,10,1
be work on,10,1
project config,10,1
area bcl system secur,10,1
featur list,10,1
block upstream,10,1
featur green appl,10,1
vraag,10,1
requir triag,10,1
fun,10,2
clojur,10,1
rtm,10,1
prio blocker,10,1
effort half to one day,10,1
about frame process,10,1
design fix,10,1
compon depend,10,1
http,10,2
status backlog,10,2
oem fv io,10,1
user block us,10,1
issu android studio,10,1
issu design spec mismatch,10,1
area general,10,1
featur awesomebar,10,1
date picker,10,1
issu theme style,10,1
werkelijk uur,10,1
etesync,10,1
remind,10,1
need more info question,10,1
control,10,1
may,10,1
environ configur,10,1
system io,10,1
bitris,10,1
tool integr,10,1
codelab,10,1
not reproduc bug,10,2
support request,10,1
process,10,4
old version previous track button,10,1
bug beta,10,1
session manag,10,1
nail care style compon,10,1
status need manual test,10,1
virtualsmartcard,10,1
vpcd,10,1
not fix broken heart,10,1
code design,10,1
youtub player ifram,10,1
project,10,1
technic review,10,1
cryptographi,10,1
queri,10,2
type plugin candid,9,1
input preset,9,1
stock photo,9,1
type extra credit,9,1
prio moder,9,1
system mac,9,1
need further info,9,1
work as design,9,2
topic login,9,1
pr need,9,1
will fix,9,1
map editor,9,1
kernel,9,1
testobject,9,1
graphic asset,9,1
blocker bug,9,1
effort small,9,2
compon filesystem,9,1
area runtim btls,9,1
new theme,9,1
openfoodapicli,9,1
need mock up or user stori,9,1
topic ipad pro rd gen,9,1
chromeo,9,1
medal sport sponsor,9,1
ci cd,9,2
web render,9,1
prioriti top,9,1
regular prioriti,9,1
mod exifeditor,9,1
dapp,9,1
possibl improv,9,1
need eng,9,1
firebas auth,9,1
hardwar,9,2
extern problem,9,1
as,9,1
readabl,9,1
third parti,9,3
iter,9,1
featur offlin,9,1
pariti,9,2
last fm,9,1
app store,9,2
instagram,9,1
longterm,9,2
unabl to reproduc,9,2
stop sign block stop sign,9,1
dif moder,9,1
to verifi evalu,9,1
activ,9,1
featur color,9,1
common model wordbreak,9,1
small issu,9,1
extra key row,9,1
mediumprior,9,1
rummi,9,1
leanback,9,1
what new,9,2
compon game,9,1
rekognit,9,1
api app check,9,1
rais hand help want,9,1
opd,9,1
epic firestor,9,1
status requir clarif,9,1
featur ci,9,1
lambda,9,1
devic support,9,1
codegen,9,1
cat support request,9,1
question or hint,9,1
is possibl bug,9,2
categori bug,9,1
categori infra,9,1
xlsform,9,1
survey,9,1
dark theme,9,2
makefil,9,1
renew,9,1
tasker,9,2
bug new decod,9,1
func java,9,1
type design,9,1
area document selector download,9,1
stretch goal,9,1
schedul grid,9,1
invalid not clear,9,1
command,9,1
could not reproduc,9,1
timer,9,1
string approv,9,1
compon window,9,1
fido fido webauthn,9,1
perf frontend,9,2
status abandon,9,3
av,9,1
linux onboard,9,1
tweak,8,2
babi good first issu,8,1
road to score,8,1
not stale,8,1
ij as plugin,8,1
need,8,1
misus,8,1
function queue,8,1
math,8,1
jsword,8,1
bug anr,8,1
featur password,8,1
request for comment,8,2
devex hammer,8,1
style guid,8,1
close stale,8,2
program outreachi,8,1
status acknowledg,8,1
issu pr welcom,8,1
market,8,3
chromecast,8,1
need clarif,8,2
codelab support,8,1
final report,8,1
type imag,8,1
webshar,8,1
localis,8,2
version updat,8,1
issu feedback,8,1
feedback need,8,2
devtool,8,1
wait for close,8,1
unabl to replic,8,1
about config,8,1
develop hammer,8,1
gleanplum,8,1
schema,8,1
place,8,1
lex,8,1
qualiti of contribut,8,1
cluster,8,1
need await repli,8,1
tool fastlan init,8,1
pbi,8,1
singl sign on,8,1
export,8,2
keep track,8,1
stop sign block,8,2
type content loss,8,1
featur bug report,8,1
cluster plugin,8,1
android sdk,8,1
type modul,8,1
format,8,1
featur order edit,8,1
partial done,8,1
vr,8,1
timeout,8,1
livesync,8,1
sql,8,1
need communiti support,8,1
proper place page,8,1
clarif need,8,1
upcom releas,8,1
api question,8,1
pitter patter get'at',8,1
android version differ,8,1
status op not on latest,8,1
not good woman wontfix,8,1
this issu is priorit,8,1
devic,8,2
stand by,8,1
top prioriti,8,2
beauti,8,1
subject rington,8,1
granit,8,1
need data review,8,3
area hardwar,8,1
alreadi fix improv,8,1
mandatori,8,1
featur delet,8,1
flag invalid,8,2
repo dip scraper,8,1
needcontrib,8,1
action releas,8,1
pro user,8,1
resolv as design,8,1
work,8,3
lock incompat,8,1
auth post login,8,1
need sponsor,8,1
cr done,8,1
view news,8,1
pin messag,8,1
topic connectapi,8,1
moreinfo,8,1
half miss,8,1
web site,8,2
long term goal,8,1
protocol,8,1
unit test,8,4
area signatur,8,1
host spider web,8,1
goonj,8,1
ux debt,8,1
check desktop version,8,1
topic processor,8,1
campaign,8,1
web bookmarklet,8,1
mobil qa board,8,1
key map,8,1
topic test,8,1
final,8,1
alreadi done,8,1
greendao,8,1
book document,8,1
issu invalid,7,1
compon upnp,7,1
type perform,7,2
one day mayb,7,1
ocr,7,1
obsolet in,7,1
roomfind,7,1
issu dev doc,7,1
system android,7,1
design qa,7,1
opentask,7,1
featur crash,7,1
secur issu,7,1
barcod,7,1
msys,7,1
autom test,7,1
propos solut,7,2
recentlyclos,7,1
whatsapp,7,1
confus featur,7,1
requir ux design,7,1
dart,7,1
difficult to reproduc,7,1
data save,7,1
user question not bug,7,1
document scroll,7,1
domain stabil,7,1
fail unit test,7,1
urgenc high,7,1
need doc,7,2
appium,7,1
gh page,7,1
playground,7,1
releas nov,7,1
tool ci,7,1
core function,7,1
publicsuffixlist,7,1
krypton,7,1
issu cleanup close,7,1
resolv not an espeakng bug,7,1
sever minor,7,1
session detail,7,1
featur pend triag,7,1
scope storag,7,1
emoji,7,1
great first issu,7,1
featur integr,7,1
key,7,1
persist,7,1
sns,7,1
bug easyfix,7,1
custom compon,7,1
system web,7,1
compil,7,2
api util,7,1
evalu need mag,7,1
dep marcom,7,1
android vital,7,1
compon archetyp,7,1
framework bug,7,2
experiment,7,1
widget switch,7,1
domain credit,7,1
studi,7,2
irrelev,7,1
function playback player screen,7,1
epic search,7,1
qtcreator,7,1
xml,7,1
epic schedul,7,1
will not fix,7,1
omega,7,1
api minor updat,7,1
ui backlog,7,1
gsoc brows import,7,1
pr welccom,7,1
engelsystem,7,1
ux repli,7,1
type need design,7,1
in triag,7,1
test issu,7,1
rule,7,3
think need info,7,1
topic fastlan bot,7,1
view org,7,1
rom compat,7,1
product to be complet,7,1
tribut to talk,7,1
new transact,7,1
bugsens,7,1
licens,7,1
featur auto scout,7,1
post status,7,1
logic,7,1
helprequest,7,1
needinfo,7,1
statscategori,7,1
target ppc,7,1
timelin,7,1
area bcl mono posix,7,1
bug bounti,7,1
qrcode auth,7,1
store theme,7,1
help welcom,7,1
payment,7,2
domain search,7,1
mod autoprocess,7,1
not analys yet,7,1
topic depend,7,1
area bcl system runtim serial,7,1
vital,7,1
status work,7,1
sickrag,7,1
qualiti,7,1
may releas,7,1
need to confirm,7,1
eip,7,1
news card,7,1
categori qualiti assur,7,2
server configur issu,7,1
updat,7,2
doc need,7,2
bad ux,7,1
to discuss,7,1
redesign,7,1
earth america,7,1
view dictionari,7,1
ux style,7,1
uniti navig,7,1
compon build,7,1
admin,7,3
biometr,7,1
algolia api,7,1
area runtim codegen qualiti,7,1
gradl issu,7,1
area tool ikdasm,7,1
priorityhigh,7,1
wait for answer,7,1
work amount larg,7,1
featur jitm,7,1
need more studi,6,1
new and noteworthi,6,1
smath studio integr,6,1
semant releas,6,1
prioritiy high,6,1
sever major,6,2
pend fix,6,1
sampl app,6,3
api issu,6,1
compon core,6,1
focus beta channel,6,1
under evalu,6,1
reproduct requir,6,2
system algorithm,6,1
need better error msg,6,1
miui,6,1
kiwi,6,1
debugg,6,2
chromebook,6,2
affect compani expensifi,6,1
wait releas,6,2
critic issu,6,1
extern bug,6,2
canva,6,1
part resolv,6,1
impact high,6,1
prs are welcom,6,1
prioriti mid,6,1
locat server,6,1
bitmap,6,1
findinpag,6,1
jexl,6,1
eng qa need,6,1
affect fenix,6,1
report googl play,6,1
cat climat,6,1
perf disk use,6,2
parent issu,6,1
domain css,6,1
about gles,6,1
is incomplet report,6,1
status wait answer,6,1
await user respons,6,1
wait for merg to stage,6,1
type connect,6,1
issu not error,6,1
jspecifi,6,1
issu is be work on,6,1
meaningless,6,1
need user feedback,6,1
feedback want,6,1
platform tvos,6,1
epic llvm codegen qualiti,6,1
epic net perf,6,1
in lastest version,6,1
cherri nice to have,6,1
target amd,6,1
groundwork,6,1
featur contentblock,6,1
null safeti,6,1
api abtest,6,1
platform reactnat,6,1
fix next releas,6,1
eeck,6,1
upgrad to android,6,1
ad block,6,1
valu med,6,1
valu high,6,1
starter task,6,1
categori distribut,6,1
dev branch,6,1
contributor tab,6,1
codec,6,1
threadcompon,6,1
com afollestad materialdialog materialdialog,6,1
skill,6,1
type other,6,5
multiplay,6,2
status need repli,6,1
notebook chore,6,1
repeat duplic,6,1
workload mid,6,1
topic updat,6,1
tool danger,6,1
issu design,6,1
api limit,6,1
type releas,6,2
issu test,6,1
portabl mac,6,1
steam,6,1
glfw awt maco,6,1
store taxonomi,6,1
platform inconsist,6,1
stori,6,1
android studio,6,1
ise,6,1
ttf addon,6,1
releaseblock,6,1
product page from scan,6,1
graphic design,6,1
sshj,6,1
status info need,6,1
memo doc,6,1
invalid not my problem,6,1
modular improv,6,1
function local feed,6,1
epic set,6,1
custom question,6,1
cartilha,6,1
phone,6,1
devic sync,6,1
almost done,6,1
widget checkbox,6,1
googl drive,6,1
needstest,6,1
support free,6,4
nova,6,1
close reason not reproduc,6,1
function offlin cach,6,1
local user flag,6,1
new support librari version,6,1
goer,6,1
access wcp,6,1
pcsc relay,6,1
acardemul,6,1
share login,6,1
prioriti moder,6,2
code in,6,1
hardwar backend,6,1
func ux,6,1
tmdb,6,1
test compat,6,1
minor featur,6,1
releas jan,6,1
referr,6,1
close not fix,6,2
android bug,6,2
screen densiti,6,1
androidx,6,2
extern issu,6,4
upstream limit,6,1
support queri,6,1
status wait for op,6,1
new card,6,1
voicedna,6,1
go,6,1
book doc,6,1
status need author repli,6,1
type anr,6,1
contact form,6,1
compon profil,6,1
youtub api,6,1
observ,6,1
intellij plugin,5,1
resolut resolv,5,1
unlock,5,1
guwt,5,1
tool testflight,5,1
code impact medium,5,1
macro,5,1
meta stori,5,1
translat issu,5,3
profil pictur,5,1
layout arithmet,5,1
support forum,5,1
rosjava contribut,5,1
discuss requir,5,1
status review need,5,2
mobileshar qr rd,5,1
xbr,5,1
contil,5,1
mobileshellrd,5,1
featur tablet,5,2
featur rebrand,5,1
landscap support,5,1
need reproduc step,5,1
news from dev,5,1
mod zipfil,5,1
expect behaviour,5,1
need status updat,5,1
compon system,5,1
midium,5,1
need data scienc,5,1
need research,5,2
demo code has provid,5,1
databas android,5,1
tool bugsnag,5,1
area network,5,1
rd parti languag,5,1
adamplz,5,1
secur audit,5,1
proxi,5,1
frequent ask,5,1
compon event detail,5,1
repeat group,5,1
privatemod,5,1
googl api chang,5,1
monitor,5,2
test in demo,5,1
not fixabl,5,1
featur webauthn,5,1
featur quickset,5,1
network issu,5,1
app ui design,5,1
ci flaki,5,1
featur bulk order action,5,1
status confirm,5,1
api ad,5,1
station issu,5,1
quirk,5,1
feed issu,5,1
work as intend ok hand,5,1
type rn reload,5,1
api chang json rpc,5,1
librari depend,5,1
leak,5,2
type new featur,5,1
pc,5,1
updat requir,5,1
schedul chang,5,1
servic appcheck,5,1
resolv wontfix,5,1
epic onboard,5,1
nation,5,1
keystor,5,1
not releas yet,5,1
tracker creat,5,1
belot,5,1
profil screen,5,1
window onli,5,1
administr,5,1
valu low,5,1
system java,5,1
custom,5,1
state readi,5,3
not yet support version,5,1
topic react nativ,5,1
need work,5,1
pre graveyard,5,1
bulb request,5,1
wishlist,5,1
mediacodec,5,1
helm,5,1
devrel,5,1
linkscompon,5,1
platform gnusoci,5,1
prioriti veri high,5,1
categori build,5,1
not urgent,5,2
psp,5,1
portion calcul,5,1
categori secur,5,1
tangram pariti,5,1
stat widget,5,1
bounti need updat,5,1
playstor crash report,5,1
wrench refactor,5,1
bonus,5,2
attribut,5,1
truck chore,5,1
warn break chang,5,1
emul,5,2
not templat,5,1
store comment,5,1
verifi fail,5,1
technologist test,5,1
connector zz,5,1
function notif,5,1
widget search,5,1
widget divid,5,1
play,5,1
releas mar,5,1
need concept,5,1
juli patch releas,5,1
cat travi,5,1
document book,5,2
webdav,5,1
fafa,5,1
analyz,5,1
intent,5,1
critic bug,5,2
low bug,5,1
disposit pend releas,5,1
categori enhanc,5,1
area privaci,5,1
driver,5,1
about perform,5,1
specif android version,5,1
sta stale,5,1
appsync,5,1
higher prioriti,5,1
must be done,5,1
servic,5,1
categori not log,5,1
is wait pr,5,1
lower prioriti,5,1
deep link,5,1
guid document,5,1
access wheelchair,5,1
area bcl system configur,5,1
need funkwhal,5,1
new game mode,5,1
not add,5,1
featur tabsend,5,1
clean code,5,1
magiclink,5,1
solut,5,1
need pr,5,1
devic soni,5,1
need sampl,5,1
fingerprint,5,1
store page,5,1
privaci sunglass,5,1
zoekfuncti,5,1
epic vs build,5,1
lite api,5,1
logger,5,1
sever,5,1
drawer,5,3
epic winrt interop,5,1
permiss system,5,1
featur error handl,5,1
area runtim mono nativ,5,1
locat loss,5,1
machin learn,5,1
common model templat,5,1
question speech balloon,4,1
os differ,4,1
nodeadend,4,1
requir investig,4,1
ethcc,4,1
ar,4,1
old ui bug,4,1
to be verifi,4,1
sdk version obsolet,4,1
featur energysav,4,1
trackingprotect,4,1
func epub,4,1
store notif,4,1
status featur flag,4,1
changelog,4,1
func,4,1
new servic,4,1
hacktoberfest accept,4,3
mobilebuild,4,1
cross platform,4,1
facebook,4,1
media picker,4,1
featur auth,4,1
featur extens,4,1
kspref deleg,4,1
gtk,4,1
user face,4,1
maptool,4,1
error,4,1
check on,4,1
type broken,4,1
status need copi review,4,1
android onli,4,1
en,4,1
textfield,4,1
react nativ,4,1
tablet refresh,4,1
perf pageload,4,1
pull request avail,4,1
jetpack app enabl featur,4,1
process fadp,4,1
secur review,4,1
hunger game,4,1
need respons,4,1
type discoveri,4,1
pfs,4,1
epic favourit,4,1
docsprint,4,1
acra report,4,1
ui usecas,4,1
ui ux polish,4,1
epic event detail,4,1
aztec obsolet,4,1
waku,4,1
remov simperium,4,1
server unreach bug,4,1
wait for design,4,1
react navig,4,1
origin,4,1
demo project,4,1
mybibl support,4,1
categori document train,4,2
preview api onli,4,1
notmyapp,4,1
sta wontfix,4,1
needsindividualstori,4,1
store upload,4,1
featur permiss,4,1
featur profil,4,1
fix workaround,4,2
compon dataprovid,4,1
compon art,4,1
mileston releas,4,1
tox,4,1
quickview,4,1
status multipl issu,4,1
extract notif,4,2
port from io,4,1
categori outreach research,4,1
cmake,4,1
tos and privaci,4,1
topic notebook format,4,1
action wontfix,4,1
domain optim,4,1
memori,4,1
unblock,4,1
potenti,4,1
io runtim relat,4,1
prioriti veri import,4,1
map tool,4,1
wait fix,4,1
csound,4,1
countermeasur,4,1
not an app bug,4,1
appl silicon,4,1
host,4,1
area bcl system componentmodel composit,4,1
api integr,4,1
navig perform,4,1
you can do this,4,2
tool codepush,4,1
doabl,4,1
feasibl check,4,1
mupdf,4,1
android suck,4,1
view edithom,4,1
not snap,4,1
need for poland,4,1
do not merg wip,4,1
engin warm up question,4,1
angl,4,1
devic bug,4,1
file handl,4,1
rostopira,4,1
maintain need,4,1
os linux rhel,4,1
top task,4,1
resolv in epforgpl merg it in,4,1
area runtim eglib,4,1
crash analyz,4,1
white check mark test,4,1
view help,4,1
like not an issu,4,1
area netcor build,4,1
workaround avail,4,1
info,4,1
portabl android,4,1
widget navigationrail,4,1
issu other,4,1
area incub,4,1
outreachi round,4,1
topic perform,4,1
realm,4,2
discussi,4,1
uitgesteld,4,1
samsung android,4,1
low prioriti man shrug,4,1
block by api,4,1
navigati,4,1
sourc email feedback,4,1
code impact low,4,1
upgrad,4,2
week document,4,1
window subsystem for android,4,1
dontclos,4,1
debug,4,3
widget textview,4,1
type break,4,1
partial fix,4,1
ndk,4,1
common util,4,1
remot reader,4,1
type patch,4,3
marketplac,4,1
learn,4,1
add known issu,4,1
more inform to come,4,1
status wip,4,1
easi featur,4,1
last minut,4,1
accessibilityinsightsgener,4,1
email,4,1
status need attent,4,1
connector new,4,1
box,4,1
need content,4,1
not implement,4,2
delet,4,1
timelin load,4,1
github action,4,2
outreach,4,1
wait for clarif,4,2
compon geohash,4,1
imag,4,2
poll,4,3
react,4,1
python,4,2
config,4,2
tool detox,4,1
testifi,4,1
status test,4,1
alreadi fix,4,1
imag picker,4,1
stupid question,4,1
txn state control,4,1
rn auto link issu,4,1
block need sponsor,4,1
expir version,4,1
pro,4,1
servic in app messag,4,1
bug sdk,4,1
bug in android mode,4,1
report mail,4,1
rxjs,4,1
medium priortiti,4,1
not relat to librari,4,1
address in,4,1
lollipop contrib intermedi,4,1
primit addon,4,1
build stabil,4,1
custom rom,4,1
direct,4,1
migrat rocket,4,1
video addon,4,1
thing,4,1
epic monoclass,4,1
bounti award,4,1
helpwant,4,1
issu enhanc,4,1
someday,4,2
markdown preview,4,1
multipl file,4,1
svg,4,2
cloudwatch,4,1
preset,4,1
view contact,3,1
fix in beta,3,1
emscripten,3,1
miss templat,3,1
compon markdown,3,1
amazon devic,3,1
core featur,3,1
nicht realisiert,3,1
area ci,3,1
ktx contrib,3,1
tool github action,3,1
woo rest api,3,1
travi,3,1
wait for anoth pr,3,1
wait for github api,3,1
api testlab,3,1
api appindex,3,2
need design input,3,1
func layout,3,1
refresh issu,3,1
func render,3,1
todo asap,3,1
sdk perform,3,1
new stream notif,3,1
ad,3,1
present,3,1
tool renov,3,1
not do,3,2
tool prettier,3,1
sceneform,3,1
area analyt,3,1
workload low,3,1
upstream chang,3,1
bug hotword,3,1
full screen,3,1
bug access,3,1
browser bug yandex,3,1
tool eslint,3,1
wiki document,3,1
difficulti med,3,1
huawei,3,1
new option,3,1
ui chang,3,1
old app featur,3,1
like,3,1
need user input,3,1
bespok,3,1
tool build script,3,1
explat,3,1
miss detail,3,1
git,3,1
issu question,3,1
java glue,3,1
need to discuss,3,1
data bus,3,1
build issu,3,2
crypto,3,1
flowlayout improv,3,1
type invertas,3,1
kspref engin,3,1
api datatransport,3,1
rss issu,3,1
comput fair,3,1
avif,3,1
hls,3,1
subtitl,3,1
custom present,3,1
js,3,1
three js,3,1
not solut,3,1
document issu,3,1
need detail log,3,1
implement onli,3,1
agenda,3,1
resourc reus,3,1
pixelf,3,1
carousel,3,1
pars librari,3,1
need extra support,3,1
bot report,3,1
categori critic,3,1
alreadi ask,3,1
android relat,3,1
connector gcvote,3,1
multiaccount,3,1
under review,3,1
multi account mgt,3,1
project stub,3,1
miss info,3,1
fix wait next releas,3,1
block on sync,3,1
modal,3,1
sever normal,3,2
nativ,3,1
hack to improv,3,1
highprior,3,1
chorus firmwar,3,1
sourc locus map helpdesk,3,1
houseclean,3,1
pla bsd,3,1
need to be reproduc,3,1
sta wait,3,1
dif hard,3,1
input item,3,1
good question,3,1
new plugin,3,2
pr review need,3,1
featur in develop,3,1
ta prof,3,1
cat group,3,1
tincubeth,3,1
apr,3,1
releas dec,3,1
site,3,1
textarea item,3,1
other aw servic,3,1
unintuituv,3,1
mpq viewer,3,1
mpq,3,1
master issu,3,1
allstar,3,3
releas next,3,1
action implement pend releas,3,1
type exampl,3,1
bot depend updat,3,2
temporari fix,3,1
arm,3,2
too gb awar,3,1
compon market,3,1
googl code in,3,1
constraint,3,1
type inform,3,1
gci idea,3,1
topic maco big sur,3,1
not repli need to reopen,3,1
interoper,3,1
firefox,3,1
profiel,3,1
server config,3,1
belangerijk,3,1
tvdb,3,1
multipart,3,1
test flaki,3,1
jetpack secur,3,1
fix wait for releas,3,1
prio,3,2
custom card,3,1
portabl javascript,3,1
prevent vandal,3,1
mobileswitcherrd,3,1
netti,3,1
platform suggest,3,1
walletensstick,3,1
fix on reddit,3,1
cloudflar issu,3,1
assign relat,3,1
skiplog,3,1
post mvp,3,1
need spec,3,1
test to achiv,3,1
type epic,3,1
ask for help,3,1
for discuss,3,1
type meta,3,2
new command,3,1
miss inform,3,1
await user feedback,3,1
epic speaker detail,3,1
meet request,3,1
epic auth,3,1
epic notif,3,1
speed,3,1
sever trivial,3,2
function extern storag,3,1
taglin,3,1
intern gui,3,1
to be done later,3,1
plugin traffic,3,1
profilecompon,3,1
engin servo,3,1
effort day,3,1
storag limit,3,1
marshmallow,3,1
ingredi edit,3,1
open sourc,3,2
stopper,3,1
tvos,3,2
new pr,3,2
xxl,3,1
workaround,3,2
xl,3,1
area bcl system numer,3,1
area bcl system global,3,1
unreproduc,3,2
crashbug,3,1
need estim,3,1
area sdk test,3,1
app login,3,1
net,3,1
iphon,3,1
scrap,3,1
imag addon,3,1
block need api,3,1
compon directx render,3,1
widget sidesheet,3,1
behavior verifi,3,1
font icon,3,1
wechat sdk,3,1
new featur suggest,3,1
for moder,3,1
featur topsit,3,2
child issu,3,1
io pariti,3,1
ongo,3,1
findinpagebar,3,1
featur poll,3,1
survey suggest,3,1
adapt,3,1
voip ms,3,1
infeas,3,1
mini program,3,1
task system,3,1
readi for review,3,3
ac search code fadp,3,1
requir input,3,1
am liorat,3,1
fix open for confirm,3,1
medium issu,3,1
user account,3,1
gdrive api,3,1
log,3,1
papercut,3,2
code share,3,2
issu perform,3,1
status fix,3,2
track integr,3,1
mentor,3,1
epic generic dedup,3,1
languag code,3,1
area bcl system directoryservic,3,1
epic size reduct,3,1
sidemenu,3,1
featur passwordmanag,3,1
featur visitedlink,3,1
area sentri,3,1
pleas read readm,3,1
type fix,3,1
need bi audit,3,1
to test,3,1
individu,3,1
rd parti librari,3,1
boom break chang,3,1
welcomeact,3,1
demo app,2,1
ship experiment,2,1
default behaviour,2,1
epic venu,2,1
web server,2,1
compon stockfetch,2,1
sound play,2,1
view size,2,1
resolv invalid,2,1
server app sync,2,1
platform amlog,2,1
portabl window,2,1
test autom status fadp,2,1
compon misc,2,1
pariti focus fenix ci fadp,2,1
respons need,2,1
languag pars,2,1
shell,2,1
bug in sampl,2,1
area bcl system serviceprocess,2,1
question rio,2,1
jogo,2,1
calend rio,2,1
serious,2,1
soon,2,1
hardcrash,2,1
need qa investig,2,1
not fix requir,2,1
soundslikeagoodplan,2,1
wallettoken,2,1
requir root,2,1
tracker,2,1
mastodon,2,1
tool download dsym,2,1
wikiupdateneed,2,1
ui enhanc,2,1
notreproduc,2,1
eim,2,1
status wait on depend,2,1
contact,2,1
somewhat involv,2,1
topic not jwt auth,2,1
verkeerd,2,1
wbs,2,1
name,2,1
prioriteit,2,1
android restrict,2,1
releas readi,2,1
product review,2,1
option,2,1
fix befor releas,2,1
involv,2,1
coverag,2,1
need backport,2,1
multidevic,2,1
area explor,2,1
tool trainer,2,1
ot discuss,2,1
cross compil,2,1
area tool sn,2,1
integr,2,1
swipe action,2,1
compon doc,2,1
area local,2,1
nitpick,2,1
adaptiveexpressionsintegr,2,1
partner doist,2,1
compon demo,2,1
wait for user,2,1
ember,2,1
gv depend,2,1
area mono data sqlite,2,1
os freebsd,2,1
stuck,2,1
area tool api tool,2,1
stage code,2,1
area bcl system identitymodel,2,1
area speak,2,1
compon pictur,2,1
prioriti unimport,2,1
repo search,2,1
area tool monodi,2,1
support crypto event,2,1
sponsor question,2,1
compon persist,2,2
toolchain,2,1
proto,2,1
infra,2,2
mobilefundament,2,1
duplic issu,2,1
featur enhanc,2,1
oneplus,2,1
will implement,2,1
os aix,2,1
ffmpeg bug,2,1
dumb ai,2,1
in test,2,1
buy crypto,2,1
custom imag selector,2,1
log request,2,1
featur contain,2,1
outreachi,2,2
wallettransactionhistori,2,1
compon locat,2,1
remoteconfig,2,1
answer provid,2,1
super hard,2,1
area bcl system servicemodel web,2,1
donat,2,2
not qa need detox onli,2,1
cours list,2,1
certif,2,1
vote,2,1
area tool symbol,2,1
timet,2,1
videotoolbox,2,1
cr fail,2,1
wait for pr review,2,1
status need heap dump,2,1
unsupport,2,1
target bigendian,2,1
docu,2,1
crowd,2,1
reliabl,2,1
extern librari,2,2
featur safebrows,2,1
copi,2,1
review high prioriti,2,1
featur devtool,2,1
linear,2,1
close if stale,2,1
fixlat,2,1
angular seeder,2,1
os openbsd,2,1
issu cleanup report close,2,1
vscode,2,1
site bug,2,1
merg candid,2,1
area tool nuget,2,1
send pr,2,1
target mipsel,2,1
ui design,2,1
area tool cil strip,2,1
miss flow,2,1
standbi,2,1
about demo app,2,1
epic twitter,2,1
worksform,2,1
topic rubocop,2,1
rocket releas,2,1
requir devic,2,1
gutenberg composit build,2,1
beo,2,1
bug urgent,2,1
state await detail,2,1
difficulti high,2,1
block other issu,2,1
wontfix profeatur,2,1
aosp,2,1
color addon,2,1
on progress,2,1
tool gradl,2,1
type off topic,2,1
avail in loop,2,1
need upstream fix,2,1
need refin,2,1
store stock media,2,1
sleep tracker,2,1
chaosflix,2,1
releas legaci,2,1
hard to reproduc,2,1
user expect,2,1
tool flow,2,1
sort featur,2,1
area copi,2,1
addit explor,2,1
cat test,2,1
bodi,2,1
domain html,2,1
inform requir,2,1
github,2,1
compon devop,2,1
is lack inform,2,1
coroutin,2,1
thetvdb,2,1
build tool,2,1
okdownload,2,1
product photo tab,2,1
status pend rn upgrad,2,1
clock regress,2,1
bug rout,2,1
sourc crashlyt,2,1
not be reproduc,2,1
need devic,2,1
numberformatexcept,2,1
test enhanc,2,1
azur ident,2,1
need document,2,1
design hig,2,1
look feel,2,1
cloud ci,2,1
doc bug bash,2,1
hand block,2,1
perf anim,2,1
product altern,2,1
api miss,2,1
first,2,1
screenshot requir,2,1
store woo pay,2,1
knowledg bottom sheet,2,1
bug data,2,1
android wear,2,1
close not reproduc,2,1
effort extra small,2,1
servic issu,2,1
start time,2,1
moder,2,1
block incomplet,2,1
dep js,2,1
media obsolet,2,1
servic invit,2,1
dep nativ,2,1
not estim,2,1
small,2,1
bug timer,2,1
other messag sourc,2,1
augment realiti,2,1
cloudless,2,1
cat multi devic,2,1
obj,2,1
dual multi sim,2,1
featur savetopdf,2,1
store activ log,2,1
project glot,2,1
power user,2,1
new skill,2,1
select for develop,2,1
graphql,2,1
small bug,2,1
first good issu,2,1
quickfix,2,1
io app develop,2,1
transcrib,2,1
func resourc,2,1
not do in the close month,2,1
func document,2,1
new data,2,1
step,2,1
fireperf test,2,1
op,2,1
secret recoveri phrase,2,1
prod,2,1
func packag,2,1
todo soon,2,1
rpc,2,1
platform fanfou,2,1
prioriti na,2,1
core servic,2,1
wontfixfornow,2,1
client librari,2,1
sever crash,2,1
mobil analyt,2,1
topic in app purchas,2,1
whitelist,2,1
local provid,2,1
on ramp,2,1
beta night track fadp,2,1
web vs android,2,1
user data,2,1
shamela import,2,1
textract,2,1
afcc,2,1
open discuss,2,1
concern,2,1
wait comfirm,2,1
requir translat,2,1
need discoveri,2,1
languag relat,2,1
featur resourc,2,1
stepper,2,1
big issu,2,1
low batteri mode,2,1
status pull request submit,2,1
tablet ui,2,1
mlkit,2,1
io onli,2,1
wait for custom repons,2,1
prioriti emerg,2,1
artwork,2,1
rate,2,1
telegram,2,1
help answer,2,1
charg,2,1
cantfix not enought detail,2,1
third parti depend,2,1
wiki channelfil,2,1
sentri clean up,2,1
doc scroll,2,1
api invit,2,1
new platform request,2,1
unreleas,2,1
not clear,2,1
type cleanup,2,1
type faq,2,1
date picker view,2,1
dynam configur,2,1
not critic at all,2,1
releas feb,2,1
func highlight,2,1
popov,1,1
missinginfo,1,1
ama,1,1
third parti problem,1,1
good first task,1,1
for web,1,1
wallet access,1,1
grid,1,1
design review,1,1
segment control,1,1
inprogress,1,1
work on,1,1
joke,1,1
qa review,1,1
autostart,1,1
search bar,1,1
flutter dart,1,1
button,1,1
magisk,1,1
toast,1,1
checkbox,1,1
good squad,1,1
app deploy,1,1
ime,1,1
mvvm,1,1
stedmap team,1,1
provid,1,1
action sheet,1,1
tab bar,1,1
need to check,1,1
portal,1,1
code impact high,1,1
area activ,1,1
rn issu,1,1
test after updat,1,1
tool script,1,1
sdk sharpen,1,1
type bugfix,1,1
dev stori,1,1
data bonapp,1,1
wait for renyuneyun,1,1
design system,1,1
need investig mag,1,1
redditservic,1,1
part of wip featur,1,1
searchcompon,1,1
in develop,1,1
filter,1,1
issu cleanup backlog,1,1
revis histori,1,1
notif action,1,1
perform dash,1,1
back end sake,1,1
review pleas,1,1
reader save post,1,1
bug fix,1,1
track report,1,1
under discuss,1,1
map view,1,1
on tuesday,1,1
dev op packag,1,1
buildkit integr,1,1
status pend upstream,1,1
mileston notif,1,1
code style,1,1
store woo coupon,1,1
wait on author,1,1
featur default templat,1,1
word,1,1
status need code review,1,1
due,1,1
data dictionari,1,1
viewmodel candid,1,1
store woo ship label,1,1
type regress,1,1
dynam card,1,1
modul html lib,1,1
store scan,1,1
untriag,1,1
store gutenberg opt in,1,1
store vertic,1,1
store reader,1,1
design md,1,1
univers link,1,1
gsoc project,1,1
block need sdk implement,1,1
bug notif,1,1
uonet updat,1,1
compon nav button,1,1
area api,1,1
async manag,1,1
authorisati,1,1
common issu,1,1
compon string,1,1
issu cleanup unabl to reproduc,1,1
resolv issu,1,1
type admin,1,1
type deploy,1,1
stage investig,1,1
polici,1,1
isengard,1,1
jarvi,1,1
smart ai,1,1
project nervo,1,1
electron,1,1
api chang binari add on,1,1
final releas,1,1
clean,1,1
featur ipp feedback,1,1
platform freebsd,1,1
pr cleanup need review,1,1
compon teletext,1,1
sigil,1,1
new logo,1,1
compon eventserv,1,1
gradient,1,1
password pin,1,1
possibl duplic,1,1
wait for backend,1,1
typo,1,1
doc style,1,1
sidedraw,1,1
releas prep,1,1
beta versi in store,1,1
promovideo,1,1
sev urgent,1,1
seri etc,1,1
libari,1,1
sqlite databas,1,1
lazi load,1,1
need manual test,1,1
os mac,1,1
communiti help need,1,1
patch,1,1
pull request,1,1
mark mode,1,1
qa regress test,1,1
compon gles render,1,1
flexbox,1,1
categori tablet,1,1
compon player,1,1
status await user,1,1
es,1,1
frame,1,1
techniqu,1,1
size larg,1,1
size epic,1,1
call for action,1,1
categori dark mode,1,1
narrow screen,1,1
benchmark,1,1
close as design,1,1
android sampl,1,1
oem fv window,1,1
effort medium,1,1
addproductoverviewfrag,1,1
common core,1,1
low memori devic,1,1
mainact,1,1
tipbox,1,1
need chang,1,1
oom error,1,1
data bind,1,1
wait for droid releas,1,1
good practic,1,1
data destruct,1,1
it not bug it featur,1,1
trace,1,1
store,1,1
need sampl product,1,1
featur branch,1,1
user test requir,1,1
android limit,1,1
nativ team requir,1,1
storageprovid,1,1
java fs,1,1
inform need,1,1
chang request,1,1
controversi,1,1
bullet,1,1
pulseaudio,1,1
serv size,1,1
joystick,1,1
requir sdk updat,1,1
food,1,1
wait for flutter,1,1
product specif bug,1,1
chao,1,1
productcount,1,1
traceabl code,1,1
summari,1,1
galaxi phone,1,1
rank,1,1
do not merg,1,1
kspref convert,1,1
fl epub,1,1
playstor link,1,1
qualcomm,1,1
look for contributor,1,1
chang,1,1
next version,1,1
misbehaviour,1,1
workload high,1,1
kspref enclosur,1,1
deprec call,1,1
expect behavior,1,1
should merg,1,1
not merg,1,1
search marisa,1,1
homepag,1,1
librari idea,1,1
has patch,1,1
reaction,1,1
android api,1,1
state in develop,1,1
not pri,1,1
integr test requir,1,1
old version,1,1
seo,1,1
categori specif behaviour,1,1
search by barcod,1,1
cairo,1,1
thank,1,1
open gl es,1,1
resolut,1,1
more info request,1,1
api hook,1,1
platform catalyst,1,1
servic ml natur languag,1,1
script,1,1
indoor navig,1,1
new sdk,1,1
qgis android,1,1
topic local,1,1
icebox,1,1
mapbox ktx,1,1
enterpris,1,1
featur errorpag,1,1
epic mcs,1,1
os solari,1,1
area bcl system xaml,1,1
featur bugreport,1,1
area bcl system io compress,1,1
area bcl windowsbas,1,1
need releas,1,1
needsinvestig,1,1
featur findinpag,1,1
mangadex issu,1,1
area bcl system web servic,1,1
area tool certmgr,1,1
area tool mono servic,1,1
area tool soap,1,1
area bcl mono cairo,1,1
area bcl al,1,1
epic coreclr test,1,1
area tool pedump,1,1
qa need,1,1
effort xl,1,1
featur breach alert,1,1
lavend,1,1
featur perform,1,1
android lite,1,1
perf respons,1,1
poc,1,1
qareadi,1,1
fire releas blocker,1,1
sync histori,1,1
reopen,1,1
dollar fund on issuehunt,1,1
error page,1,1
wallpap,1,1
compon knownloc,1,1
technic implement bug,1,1
compon map,1,1
deprec warn,1,1
featur generat password,1,1
androidq,1,1
not first prioriti,1,1
block by design,1,1
crop,1,1
review intern,1,1
not fix yet,1,1
not more,1,1
area ux,1,1
build script,1,1
googl,1,1
cloud,1,1
widget menu,1,1
insuffici info in issu,1,1
review in progress,1,1
content design,1,1
issu compos interoper,1,1
librari issu,1,1
function moder,1,1
issu build failur,1,1
minsdkvers,1,1
sqlcipher,1,1
toxm,1,1
effort week,1,1
draft,1,1
work as expect,1,1
reddit,1,1
not issu,1,1
target riscv,1,1
readi to ship,1,1
known limit,1,1
cours registr,1,1
osd,1,1
winc,1,1
cover,1,1
complex issu,1,1
travi ci,1,1
kotlin extens,1,1
perf benchmark,1,1
to releas,1,1
communiti contribut,1,1
not sdk issu,1,1
unship featur,1,1
pend document,1,1
request discuss,1,1
less prioriti,1,1
bluetooth,1,1
wontdo,1,1
pleroma,1,1
will not implement,1,1
sidechain,1,1
close flow,1,1
alreadi implement,1,1
improv issu,1,1
video plugin,1,1
not support,1,1
resourc leak,1,1
work as intend,1,1
small fix,1,1
mani report,1,1
cdf,1,1
build config,1,1
current,1,1
extj,1,1
javac,1,1
lame bug,1,1
memori usag,1,1
need help,1,1
request manual qa,1,1
memori leak,1,1
connector locus,1,1
platform flutter,1,1
workaround in place,1,1
wikitrick,1,1
difficult to implement,1,1
librari updat,1,1
mobilenavigationrd,1,1
bug androidx,1,1
bug android,1,1
mobilesandbox,1,1
quest,1,1
buycrypto,1,1
api major break updat,1,1
repli,1,1
wallet redesign,1,1
definit,1,1
kk autom,1,1
good case,1,1
php,1,1
chef,1,1
worsform,1,1
is reject,1,1
app crash,1,1
lahi,1,1
wontfix due to depend,1,1
prio later,1,1
hardwar need,1,1
is duplic,1,1
domain scale,1,1
domain layout,1,1
featur upstream,1,1
gcp,1,1
not compliant html,1,1
compon translat,1,1
issu crash,1,1
test want,1,1
dif str,1,1
cat ui hang,1,1
sourc mail,1,1
jdk,1,1
sync improv,1,1
dea,1,1
pend triag,1,1
geo,1,1
openssl,1,1
dep design,1,1
cofirm bug,1,1
status issu on hold,1,1
status need ux review,1,1
new arch,1,1
brkg,1,1
news,1,1
older version,1,1
kitkat,1,1
dev tool,1,1
ses,1,1
kms,1,1
sqs,1,1
polli,1,1
resolut answer,1,1
ec,1,1
onhold,1,1
test use case and demo,1,1
runtim,1,1
func drm,1,1
browser chrome,1,1
func cfi,1,1
func perform,1,1
func metadata,1,1
func memori,1,1
status needmoreinfo,1,1
status notreproduc,1,1
func zip,1,1
difficulti guru,1,1
espeak,1,1
func network,1,1
func mediaoverlay,1,1
func qe,1,1
xamarin,1,1
block on core,1,1
desync,1,1
fix in progress,1,1
not longer occur,1,1
func css,1,1
api host,1,1
func xml,1,1
func content,1,1
connect modul,1,1
status revis need,1,1
feedback request,1,1
cantfix not devic,1,1
cantfix not access,1,1
wear,1,1
pr in progress,1,1
issu chore,1,1
emerg,1,1
test version avail,1,1
wait chang,1,1
new rn architetur,1,1
googl translat app,1,1
catalyst,1,1
ci block,1,1
flow,1,1
twitter,1,1
antivirus,1,1
homebrew,1,1
test need,1,1
fix in master,1,1
need to releas,1,1
merg befor releas,1,1
push issu,1,1
action more inform requir,1,1
type remov,1,1
type upgrad,1,1
audren,1,1
flutter relat,1,1
document manpag,1,1
defer,1,1
unassign,1,1
paper,1,1
fix later,1,1
lint check,1,1
move,1,1
test task,1,1
global cli,1,1
releas note,1,1
tunnel,1,1
compon script,1,1
ping,1,1
tester found,1,1
english languag issu,1,1
databind support,1,1
advic,1,1
cts,1,1
how to,1,1
topic configfil,1,1
status includ in next releas,1,1
fail test,1,1
topic catalyst,1,1
wait for rd parti,1,1
topic github action,1,1
topic tvos,1,1
nextcloud news,1,1
tool slather,1,1
type code review,1,1
status code review,1,1
tester requir,1,1
construct wip,1,1
