entry,package_name
0xpr03/VocableTrainer-Android,vocabletrainer.heinecke.aron.vocabletrainer
22hours/system-monitor-study,com.example.a22housexam2
47deg/nine-cards-v2,cards.nine.repository
5donuts/mapper,edu.bridgewater.csci400.mapper
75py/Aplin,com.nagopy.android.aplin
ACINQ/eclair-mobile,fr.acinq.eclair.wallet
AdAway/AdAway,org.adaway.libpcap
AdevintaSpain/Barista,com.schibsted.spain.barista.sample
AdevintaSpain/Leku,com.schibsted.mappicker
AdguardTeam/ContentBlocker,com.adguard.android.contentblocker
AdrienPoupa/VinylMusicPlayer,com.poupa.vinylmusicplayer
Adventech/sabbath-school-android,com.cryart.sabbathschool
Agontuk/react-native-geolocation-service,com.agontuk.RNFusedLocation
AgoraIO/Flutter-SDK,io.agora.agorartcengine
Albert221/FastShopping,me.wolszon.fast_shopping
AllanWang/Frost-for-Facebook,com.pitchedapps.frost
AllanWang/KAU,ca.allanwang.kau.ui
AlphaWallet/alpha-wallet-android,com.alphawallet.app
AlstonLin/TheLearningLock,io.alstonlin.thelearninglock
AmazMod/AmazMod,com.edotassi.amazmod
AmolGangadhare/flutter_barcode_scanner,com.amolg.flutterbarcodescanner
AndBible/and-bible,net.bible.android.database
AndProx/AndProx,au.id.micolous.andprox.natives27
AndreaCioccarelli/CryptoPrefs,com.andreacioccarelli.samplecryptoprefs
AntennaPod/AntennaPod,de.danoeh.antennapod
Antox/Antox,chat.tox.antox
AnySoftKeyboard/AnySoftKeyboard,com.anysoftkeyboard.rx
Apolline-Lille/apolline-android,science.apolline
ApplETS/ETSMobile-Android2,ca.etsmtl.applets.etsmobile
ApplETS/Notre-Dame,ca.etsmtl.applets.repository
Arello-Mobile/Moxy,com.redmadrobot.sample_custom_strategy
ArthurHub/Android-Image-Cropper,com.example.croppersample
Ashok-Varma/BottomNavigation,com.ashokvarma.bottomnavigation
AtomicGameEngine/AtomicGameEngine,$$APPLICATION_NAME$$.$$APPLICATION_NAME$$
AyranIsTheNewRaki/Herodot,com.ayranisthenewraki.heredot.herdot
Azure/azure-sdk-for-android,com.azure.mobile.azuredataandroidexample_java
AzureAD/microsoft-authentication-library-for-android,com.microsoft.identity.client.testapp
BaseballCardTracker/bbct,bbct.android.common
Baseflow/flutter-geolocator,com.baseflow.geolocator
Baseflow/flutter-permission-handler,com.baseflow.permissionhandler
BasicAirData/GPSLogger,eu.basicairdata.graziano.gpslogger
Bearded-Hen/Android-Bootstrap,com.fractalwrench.androidbootstrap.sample
Beepiz/BleGattCoroutines,com.beepiz.blegattcoroutines.genericaccess
BelledonneCommunications/linphone-android,org.linphone.sample
BenoitDuffez/AndroidCupsPrint,io.github.benoitduffez.cupsprint
BijoySingh/Scarlet-Notes,com.maubis.scarlet.base
Binary-Team/Rachma-Android,rachma.tn.team.binary.rachma
Bit-Nation/BITNATION-Pangea-mobile,co.bitnation
Blankj/AndroidUtilCode,com.blankj.base
Block-Equity/stellar-android-wallet,com.blockeq.stellarwallet
BlunchDev/blunch_android,dev.blunch.blunch
BoostIO/boostnote-mobile,io.boostnote
BradPatras/gpx-recorder,com.iboism.gpxrecorder
CMPUT301F18T16/Baudit,ca.klapstein.baudit
CaiJingLong/flutter_photo,com.example.example
CalebFenton/simplify,org.cf.obfuscated
Calsign/APDE,com.calsignlabs.apde
CameraKit/camerakit-android,com.camerakit.app
CaptainSpam/geohashdroid,net.exclaimindustries.geohashdroid
CarGuo/GSYVideoPlayer,com.shuyu.gsyvideoplayer.armv7a
CarlosEsco/Neko,eu.kanade.tachiyomi
Cedgetec/SchulinfoApp-android,de.gebatzens.sia
CellularPrivacy/Android-IMSI-Catcher-Detector,com.secupwn.aimsicd
ChainSafe/WeiPay,com.chainsafe.weipay
Chooloo/call_manage,com.chooloo.www.callmanager
ChrisLane/accudrop,me.chrislane.accudrop
CityZenApp/AndroidApp,com.cityzen.cityzen
Clans/FloatingActionButton,com.github.fab.sample
Codernauti/GameBank,com.codernauti.gamebank
Comic-Con-Museum/ccm-android,com.comic_con.museum.ar
DIT112-V19/group-05,com.example.hajken
DanielKnauf/SimpleTimer,knaufdan.android.simpletimerapp
Dar9586/NClientV2,com.dar.nclientv2
Darkness4/minitel-app,com.minitel.toolbox
DevAhamed/MultiViewAdapter,dev.ahamed.mva.sample
Devlight/NavigationTabBar,devlight.io.sample
Devsoc-BPGC/ARD,com.macbitsgoa.ard
Devsoc-BPGC/DoJMA,com.csatimes.dojma
Docile-Alligator/Infinity-For-Reddit,ml.docilealligator.infinityforreddit
Domi04151309/AlwaysOn,io.github.domi04151309.alwayson
Domi04151309/HomeApp,io.github.domi04151309.home
DreierF/MyTargets,de.dreier.mytargets
DroidKaigi/conference-app-2017,io.github.droidkaigi.confsched2017
DroidKaigi/conference-app-2018,io.github.droidkaigi.confsched2018
DroidPluginTeam/DroidPlugin,com.example.ApiTest
ECSE321-Fall2018/t08,t08.ecse321.driverrideshare
ECSE321-Fall2018/t14,com.karpool.karpl_driver
EXALAB/AnLinux-App,exa.lnx.a
ElderDrivers/EdXposedManager,org.meowcat.edxposed.manager
Esri/arcgis-runtime-samples-android,com.esri.arcgisruntime.samples.createterrainfromalocaltilepackage
Esri/maps-app-android,com.esri.android.mapsapp
Esri/nearby-android,com.esri.android.nearbyplaces
Estimote/Android-Proximity-SDK,com.estimote.estimotethings
Etar-Group/Etar-Calendar,com.android.calendar.tests
EventFahrplan/EventFahrplan,info.metadude.android.eventfahrplan.commons
FBU2018-L3/1-Up,com.l3.one_up
FRC2706/MCMergeManager,ca.team2706.scouting.mcmergemanager
Fachschaft07/Guide7,com.example.guide7
FantLab/FantLab-Android,ru.fantlab.android
FarbodSalamat-Zadeh/TimetableApp,co.timetableapp
Fasust/FroYou,frozenyogurtbuilder.app
FinalTeam/RxGalleryFinal,cn.finalteam.rxgalleryfinal.sample
Flaque/quirk,host.exp.exponent
FolioReader/FolioReader-Android,com.folioreader.android.sample
Fondesa/RecyclerViewDivider,com.fondesa.recyclerviewdivider.sample
ForceTower/Melon,in.uncod.android.bypass
ForstaLabs/relay,io.forsta.securesms
Framstag/libosmscout,org.qtproject.example
FultonBrowne/Ara-android,com.andromeda.ara
GSoft-Goldsmiths/iLost-main,com.gsoft.ilost
GamePlatform/Campaign-SDK-Android,com.adviser.campaign.campaignsdk
GarrettBeatty/arXiv-eXplorer,katex.hourglass.in.mathlib
Gear61/Instafood,com.randomappsinc.instafood
Gear61/Random-Name-Picker,com.randomappsinc.studentpicker
Gear61/Random-Number-Generator,com.randomappsinc.randomnumbergeneratorplus
GeekyAnts/NativeBase-KitchenSink,com.nativebasekitchensink
Genymobile/gnirehtet,com.genymobile.gnirehtet
Gericop/Android-Support-Preference-V7-Fix,com.takisoft.fix.support.v7.preference.ringtone
GetStream/stream-chat-android,io.getstream.chat.example
GitJournal/GitJournal,io.gitjournal.gitjournal
Glucosio/glucosio-android,org.glucosio.android
GrapheneOS/Auditor,app.attestation.auditor
GrapheneOS/PdfViewer,org.grapheneos.pdfviewer
Green-Cloud-Project/GreenCloud,com.exlyo.gmfmt
Greenstand/treetracker-android,org.greenstand.android.TreeTracker
GrenderG/Toasty,es.dmoral.toasty
HBiSoft/HBRecorder,com.hbisoft.hbrecorderexample
HRVBand/hrv-band,hrv.band.app
HabitRPG/habitica-android,com.habitrpg.android.habitica
HathorNetwork/hathor-wallet-mobile,com.hathormobile
HenryQuan/WoWs-Info-Re,com.yihengquan.wowsinfo
HoraApps/LeafPic,uk.co.senab.photoview
IITC-CE/ingress-intel-total-conversion,org.exarhteam.iitc_mobile
ILT-HSR/hmi-android,ch.hsr.ifs.gcs
ISchwarz23/SortableTableView,de.codecrafters.tableview
IdeaTrackerPlus/IdeaTrackerPlus,manparvesh.ideatrackerplus
Ifsttar/NoiseCapture,org.noise_planet.noisecapture
Incognoto/incognoto,com.notes.incognoto
JackyAndroid/AndroidChromium,org.chromium.chrome.browser
Janfiderheld/Snake-That-MO,com.muss_and_toeberg.snake_that
Jay-Goo/RangeSeekBar,com.jaygoo.demo
JingYeoh/FragmentRigger,com.jkb.fragment.rigger
JoaquimLey/faboptions,com.joaquimley.faboptions.sample
KYHSGeekCode/Android-Disassembler,com.kyhsgeekcode.disassembler
Kaljurand/K6nele,ee.ioc.phon.android.speak
Karumi/Dexter,com.karumi.dexter.sample
Karumi/Shot,com.karumi
KasperskyLab/Kaspresso,com.kaspersky.kaspressample
KeepSafe/TapTargetView,com.getkeepsafe.taptargetviewsample
Kunzisoft/Android-SwitchDateTimePicker,com.kunzisoft.switchdatetime
Kunzisoft/KeePassDX,com.kunzisoft.keepass.icon.material
LawnchairLauncher/Lawnchair,com.android.launcher3
LeversonCarlos/ComicsShelf,com.friendship.ComicsShelf
Levi-Lesches/RamLife,com.ramaz.student_life
LibreShift/red-moon,com.jmstudios.redmoon
Lider123/mobile_desiregallery,com.example.desiregallery
Light-Team/ModPE-IDE-Source,com.KillerBLS.modpeide
LorenMucha/Climbing-Diary-App,com.main.climbingdiary
LouisCAD/Splitties,com.example.splitties.tests
Lyndir/MasterPassword,com.lyndir.masterpassword
Lyokone/flutterlocation,com.lyokone.location
MCMrARM/revolution-irc,io.mrarm.irc
MGaetan89/ShowsRage,com.mgaetan89.showsrage
Madonahs/Developers-Portfolio,com.madonasyombua.growwithgoogleteamproject
MaikuB/flutter_local_notifications,com.dexterous.flutterlocalnotifications
Malinskiy/marathon,com.example
MarcLeclair/Mini-Cap-AnyMemo,org.liberty.android.fantastischmemo
MarcoCadei/APPartment,com.unison.appartment
MarshallAsch/veil-droid,ca.marshallasch.veil
Mauin/RxFingerprint,com.mtramin.fingerprintplayground
Mauker1/MaterialSearchView,br.com.mauker.materialsearchview.app
MaulingMonkey/jni-bindgen,com.maulingmonkey.jni_bindgen.example_android_studio
Maxr1998/MaxLock,de.Maxr1998.xposed.maxlock
Maxr1998/home-assistant-Android,io.homeassistant.android
MegatronKing/StringFog,com.github.megatronking.stringfog
Meituan-Dianping/walle,com.meituan.android.walle.sample
MetaMask/metamask-mobile,io.metamask
MewX/light-novel-library_Wenku8_Android,org.mewx.wenku8
MiPushFramework/MiPushFramework,com.xiaomi.xmsf
MoneyFox/MoneyFox,com.applysolutions.moneyfox
Mulham-Raee/Horizontal-Calendar,devs.mulham.raee.sample
Mygod/VPNHotspot,be.mygod.vpnhotspot
NASAWorldWind/WorldWindAndroid,gov.nasa.worldwindx
NJACKWinterOfCode/WhatsApp-Direct-Message,com.example.akjn.whatsappdirectmessage
NVRC/SetItUp,threeblindmice.setitup
NasaGeek/utexas-utilities,com.nasageek.utexasutilities
NathanWalker/angular-seed-advanced,__PACKAGE__
NativeScript/NativeScript,org.nativescript.widgets
NativeScript/android-runtime,__PACKAGE__
NativeScript/nativescript-angular,__PACKAGE__
NativeScript/nativescript-camera,__PACKAGE__
NativeScript/nativescript-fresco,__PACKAGE__
NativeScript/nativescript-geolocation,__PACKAGE__
NativeScript/nativescript-imagepicker,__PACKAGE__
NativeScript/push-plugin,com.telerik.pushplugin
NearHuscarl/flutter_login,com.example.example
NextFaze/power-adapters,com.nextfaze.poweradapters.recyclerview
NiciDieNase/chaosflix,de.nicidienase.chaosflix.leanback
Njack-IITP/IITP-Connect,com.example.srv_twry.iitp_connect
NodeMedia/NodeMediaClient-Android,cn.nodemedia.demo
Nutomic/ensichat,com.nutomic.ensichat
O2MC/moby-tracking-sdk,io.o2mc.appkotlin
OlegKlimenko/Plamber-Android,com.ua.plamber_android
OneBusAway/onebusaway-android,org.onebusaway.android
OpenLauncherTeam/openlauncher,com.benny.openlauncher
OpenTracksApp/OpenTracks,de.dennisguse.opentracks
OxfordHCC/tracker-control-android,eu.faircode.netguard
ParkIdle/ParkIdle-Android,pi.parkidle
Pattonville-App-Development-Team/Android-App,org.pattonvillecs.pattonvilleapp
PaulWoitaschek/Voice,de.ph1b.audiobook.crashreporting
PetIsland/PetIsland,com.tvc.flutter_template
PeterStaev/NativeScript-Drop-Down,__PACKAGE__
PeterStaev/NativeScript-Grid-View,__PACKAGE__
PeterStaev/nativescript-image-swipe,__PACKAGE__
PeterStaev/nativescript-masked-text-field,__PACKAGE__
PeterStaev/nativescript-purchase,com.tangrainc.inappbilling
PhilJay/MPAndroidChart,com.xxmassdeveloper.mpchartexample
PhilippC/keepass2android,com.microsoft.services.msa
Picovoice/porcupine,ai.picovoice.porcupine
Picovoice/rhino,ai.picovoice.rhinomanager
PierfrancescoSoffritti/android-youtube-player,com.pierfrancescosoffritti.aytplayersample
PkmX/lcamera,pkmx.lcamera
Plastix/Forage,io.github.plastix.forage
PnX-SI/gn_mobile_occtax,fr.geonature.occtax
Project-ARTist/ArtistGui,saarland.cispa.artist.artistgui
Purdue-ACM-SIGApp/PurdueLaundry-android,xyz.jhughes.laundry
QuadFlask/colorpicker,com.flask.colorpicker.sample
QuantumBadger/RedReader,org.quantumbadger.redreader
QuasarApp/Hanoi-Towers,df.mobily.hanoi_towers
QuickLyric/QuickLyric,com.geecko.QuickLyric
RedApparat/Fotoapparat,io.fotoapparat
RedMadRobot/input-mask-android,com.redmadrobot.sample
Redgram/redgram-for-reddit,com.matie.redgram
RevenueCat/purchases-android,com.revenuecat.purchases
RevenueCat/purchases-flutter,com.revenuecat.purchases_flutter
RikkaApps/Riru,moe.riru.manager
RioBus/android-app,com.tormentaLabs.riobus
Riseapps-com/RNBaseProjectV3,com.rnbaseprojectv3
RocketChat/Rocket.Chat.Android,chat.rocket.android.util
RoverPlatform/rover-android,io.rover.app.example
SCCapstone/Cupboard,com.thecupboardapp.cupboard
SCCapstone/Gamecock-Study,edu.sc.cse
SE17GroupH/Zap,teamh.zapapp
SUPERCILEX/Robot-Scouter,com.supercilex.robotscouter.feature.trash
SanojPunchihewa/f5n,com.mobilegenomics.f5n
SarahAlroe/OctoPub-Android,dk.alroe.apps.octopub
Scaronthesky/UK-Gebaerden_Muensterland,de.lebenshilfe_muenster.uk_gebaerden_muensterland
SergioLuis/CHIPEIT,es.chipeit.android
ShadyBoukhary/Axion-Technologies-HnH,com.example.hnh
ShaishavGandhi/BeBetter,shaishav.com.bebetter
ShaishavGandhi/navigator,com.shaishavgandhi.navigato.sampler
ShawnLin013/NumberPicker,com.shawnlin.numberpicker.sample
Shipr-Hub/Shipr-Community-Android,tech.shipr.socialdev
Shopify/android-testify,com.shopify.testify.sample
SimpleMobileTools/Simple-Calculator,com.simplemobiletools.calculator
SimpleMobileTools/Simple-Calendar,com.simplemobiletools.calendar.pro
SimpleMobileTools/Simple-Camera,com.simplemobiletools.camera
SimpleMobileTools/Simple-Clock,com.simplemobiletools.clock
SimpleMobileTools/Simple-Contacts,com.simplemobiletools.contacts.pro
SimpleMobileTools/Simple-Draw,com.simplemobiletools.draw.pro
SimpleMobileTools/Simple-File-Manager,com.simplemobiletools.filemanager.pro
SimpleMobileTools/Simple-Flashlight,com.simplemobiletools.flashlight
SimpleMobileTools/Simple-Gallery,com.simplemobiletools.gallery.pro
SimpleMobileTools/Simple-Music-Player,com.simplemobiletools.musicplayer
SimpleMobileTools/Simple-Notes,com.simplemobiletools.notes.pro
Softmotions/ejdb,com.test
SoftwareEngineeringDaily/SEDaily-Android,com.koalatea.thehollidayinn.softwareengineeringdaily
StAResComp/sifids,uk.ac.masts.sifids
StoDevX/AAO-React-Native,com.allaboutolaf
SubhamTyagi/Last-Launcher,org.apmem.tools.layouts
SufficientlySecure/birthday-calendar,org.birthdayadapter
SufficientlySecure/document-viewer,org.sufficientlysecure.viewer
SundeepK/CompactCalendarView,sundeepk.github.com.sample
Swordfish90/Lemuroid,com.swordfish.lemuroid
TOMB5/TOMB5,com.my.exampleapp
TUM-Dev/Campus-Android,de.tum.in.tumcampusapp
TachibanaGeneralLaboratories/download-navi,com.tachibana.downloader
TeamNewPipe/NewPipe,org.schabi.newpipe
TeamNewPipe/NewPipe-legacy,org.schabi.newpipelegacy
TeamWalrus/Walrus,com.bugfuzz.android.projectwalrus
Tencent/MMKV,com.tencent.mmkv
Tencent/QMUI_Android,com.qmuiteam.qmui.lint
Tencent/Shadow,com.tencent.shadow.sample.host
Tencent/matrix,sample.tencent.matrix
Tencent/tinker,com.tencent.tinker.loader
Tencent/wcdb,com.tencent.wcdb
TheJuki/KFormMaster,com.thejuki.kformmasterexample
TheRedSpy15/LTECleanerFOSS,theredspy15.ltecleanerfoss
ThomasGaubert/zephyr,com.texasgamer.zephyr
ToxicBakery/ViewPagerTransforms,com.ToxicBakery.viewpager.transforms.example
Triple-T/gradle-play-publisher,com.example.publisher
TwidereProject/Twidere-Android,org.mariotaku.twidere
TylerCarberry/2048-Battles,com.google.example.games.basegameutils
Umweltzone/Umweltzone,de.avpptr.umweltzone
UriahShaulMandel/BaldPhone,com.bald.uriah.baldphone
UweTrottmann/SeriesGuide,com.uwetrottmann.seriesguide.billing
VEINHORN/ScrollGalleryView,ogbe.ozioma.com.glideimageloader
VREMSoftwareDevelopment/WiFiAnalyzer,com.vrem.wifianalyzer
Vel-San/Getoffyourphone,com.roughike.swipeselector
VocaDB/VocaDB-App,com.coolappz.Vocadb
Waboodoo/HTTP-Shortcuts,ch.rmy.android.http_shortcuts
WagicProject/wagic,net.wagic.app
WatShout/watshout-android,com.watshout.mobile
WatchFriends/Android,nmct.jaspernielsmichielhein.watchfriends
WikiEducationFoundation/apps-android-wikiedudashboard,org.wikiedufoundation.wikiedudashboard
WrathChaos/react-native-bouncy-checkbox,com.example
XCSoar/XCSoar,org.xcsoar.testing
Xtraball/Siberian,org.apache.cordova
Yahkal/replicaisland,com.replica.replicaisland
Yalantis/uCrop,com.yalantis.ucrop
Yeetii/ProjektgruppLP4,se.chalmers.projektgrupplp4.studentlivinggbg
Yougourta/SmartRecruit,fr.smartrecruit
YoungMaker/iORC,edu.ycp.cs482.iorc
Z3r0byte/Magistify,com.z3r0byte.magistify
ZacSweers/CatchUp,io.sweers.catchup.service.github
ZeevoX/Ocquarium,com.zeevox.octo
ZeusWPI/hydra-android,be.ugent.zeus.hydra
Zhuinden/simple-stack,com.zhuinden.simplestack
ZieIony/Carbon,carbon.widget.rx
aarcangeli/Serious-Sam-Android,com.github.aarcangeli.serioussamandroid
aaronjwood/PortAuthority,com.aaronjwood.portauthority
abertschi/ad-free,ch.abertschi.adfree
abraham/birb,com.example.birb
acristescu/OnlineGo,io.zenandroid.onlinego
adar2378/pin_code_fields,com.example.example
aegif/nemakiware-android-client,jp.aegif.android.cmis
agateau/pixelwheels,com.agateau.tinywheels.android
agoda-com/Kakao,com.agoda.sample
airbnb/lottie-android,com.airbnb.lottie
airbnb/paris,com.airbnb.paris.sample
akshay2211/PixImagePicker,com.fxn.pix
akvo/akvo-caddisfly,org.akvo.caddisfly
akvo/akvo-flow-mobile,org.akvo.flow.offlinemaps
akvo/akvo-rsr-up,org.akvo.rsr.up
alamkanak/Android-Week-View,com.alamkanak.weekview.sample
alexandrudsc/University-timetable-Android,com.developer.alexandru.orarusv
alexmozzhakov/doHabits,com.doapps.habits
alexvasilkov/GestureViews,com.alexvasilkov.gestures.sample
alexweininger/android-catan,edu.up.cs.androidcatan
aliab/Persian-Date-Picker-Dialog,ir.hamsaa.persiandatepicker
alibaba/Virtualview-Android,com.tmall.wireless.virtualview
alibaba/flutter_boost,com.idlefish.flutterboost
alibaba/weex,com.alibaba.weex
alipay/SoloPi,com.alipay.hulu
alisonthemonster/Presently,journal.gratitude.com.gratitudejournal
alternadom/WiFiFlutter,com.alternadom.wifiiot
amfoss/TempleApp,org.amfoss.templeapp
amitshekhariitbhu/Fast-Android-Networking,com.rxsampleapp
anbox/anbox,org.anbox.appmgr
andOTP/andOTP,org.shadowice.flocke.andotp
andresoviedo/android-3D-model-viewer,org.andresoviedo.dddmodel2
andreynovikov/trekarta,mobi.maptrek
android-hacker/VirtualXposed,com.lody.virtual
android/architecture-samples,com.example.android.architecture.blueprints.todoapp
android10/Android-CleanArchitecture,com.fernandocejas.android10.sample.presentation
android10/Android-CleanArchitecture-Kotlin,com.fernandocejas.sample
androidannotations/androidannotations,org.androidannotations.sample
andstatus/andstatus,org.andstatus.app
andstatus/todoagenda,org.andstatus.todoagenda
ankidroid/Anki-Android,com.ichi2.anki
anod/AppWatcher,info.anodsplace.framework
ant-design/ant-design-mobile-rn,com.antd_mobile_rn
antest1/kcanotify,com.antest1.kcanotify
anthony-reboul/AndroidDeepL,com.anthony.deepl.openl
anthonycr/Lightning-Browser,acr.browser.lightning
anyaudio/anyaudio-android-app,any.audio
apognu/otter,com.github.apognu.otter
apollographql/apollo-android,com.apollographql.apollo.test.espresso
appcelerator/titanium_mobile,org.appcelerator.titanium
applivery/applivery-android-sdk,com.applivery.sample
arcao/Geocaching4Locus,com.arcao.geocaching4locus.geocaching_api
archriss/react-native-render-html,fr.archriss.demo.renderhtml
arimorty/floatingsearchview,com.arlib.floatingsearchviewdemo
arminha/worldclockwidget,ch.corten.aha.worldclock
artoolkitx/artoolkitx,org.artoolkitx.arx.arxj
asamm/locus-api,locus.api.android
ashutoshgngwr/noice,com.github.ashutoshgngwr.noice
auth0/Auth0.Android,com.auth0.android.auth0
auth0/Lock.Android,com.auth0.android.lock
authpass/authpass,design.codeux.authpass
avalax/FitBuddy,de.avalax.fitbuddy
avianey/androidsvgdrawable-plugin,fr.avianey.mojo.androidgendrawable.sample
aviral-garg/Appledore-VR,com.vroneinc.vrone
avniproject/avni-client,com.openchsclient
avram/zandy,com.gimranov.zandy.app
aws-amplify/aws-sdk-android,com.amazonaws.mobile.auth.ui
awslabs/aws-mobile-appsync-sdk-android,com.amazonaws.postsapp
ayatk/biblio,com.ayatk.biblio
b3dgs/lionheart-remake,com.b3dgs.lionheart
b3dgs/warcraft-remake,com.b3dgs.warcraft
badoo/Reaktive,com.badoo.reaktive
bamlab/react-native-image-resizer,fr.bamlab.rnimageresizer
bazzite/nativescript-version-tracking,__PACKAGE__
bazzite/nativescript-vibrate,__PACKAGE__
beemdevelopment/Aegis,com.beemdevelopment.aegis
begeekmyfriend/yasea,net.ossrs.yasea.demo
bellebethcooper/pico,co.hellocode.micro
berict/Tapad,com.bedrock.padder
bignerdranch/expandable-recycler-view,com.bignerdranch.expandablerecyclerview
bilibili/ijkplayer,tv.danmaku.ijk.media.exo
bitcoin-wallet/bitcoin-wallet,de.schildbach.wallet.integration.sample
bitnami-labs/cabin,com.skippbox.cabin
bmfe/eros,com.eros.wx
bounswe/bounswe2018group4,com.memorist.memorist_android
bradyhouse/16,__PACKAGE__
bradyhouse/house,fiddle.android.droidz
bradyt/cone,info.tangential.cone
brianwernick/ExoMedia,com.devbrackets.android.exomedia
brianwernick/PlaylistCore,com.devbrackets.android.playlistcore
btelman96/letsrobot-android,org.btelman.licensehelper
btkelly/gnag,com.gnag.example
bugsnag/bugsnag-android,com.bugsnag.android.mazerunner
bugsnag/bugsnag-react-native,com.bugsnag
bumptech/glide,com.bumptech.glide.instrumentation
burhanrashid52/PhotoEditor,ja.burhanrashid52.photoeditor
bxiaopeng/AndroidStudio,com.example.android.testing.unittesting.BasicSample
bytedeco/sample-projects,org.bytedeco.javacv_android_example
caarmen/network-monitor,ca.rmen.android.networkmonitor
caarmen/poet-assistant,ca.rmen.android.poetassistant
caarmen/scrumchatter,ca.rmen.android.scrumchatter
capitalone/react-native-pathjs-charts,com.example
card-io/card.io-Android-SDK,io.card.development
ccrama/Slide,me.ccrama.redditslide
cgeo/cgeo,cgeo.contacts
chandevel/Clover,org.floens.chan
chenenyu/Router,com.chenenyu.router.module1
chibatching/Kotpref,com.chibatching.kotpref.gsonpref
chickendude/Natibo,ch.ralena.natibo
citiususc/calendula,es.usc.citius.servando.calendula
clementine-player/Android-Remote,de.qspool.clementineremote
cloud-emoticon/cloudemoji,org.ktachibana.cloudemoji
cloudinary/cloudinary_android,com.cloudinary.android.sample
cloudwebrtc/flutter-webrtc,com.cloudwebrtc.webrtc
code4romania/monitorizare-vot-android,ro.code4.monitorizarevot
coding-blocks/DigitalOceanApp,in.tosc.doandroidlib
codinguser/gnucash-android,org.gnucash.android
coil-kt/coil,coil.base
collinsmith/riiablo,com.riiablo
commons-app/apps-android-commons,fr.free.nrw.commons
connectbot/connectbot,org.connectbot
consp1racy/android-support-preference,net.xpece.android.support.preference.sample
coomar2841/android-multipicker-library,com.kbeanie.multipicker
cooperka/react-native-snackbar,com.azendoo.reactnativesnackbar
cph-cachet/flutter-plugins,dk.cachet.esense
crossbario/autobahn-java,io.crossbar.autobahn
crowdin/mobile-sdk-android,com.crowdin.platform.example
crux-bphc/CMS-Android,crux.bphc.cms
cvzi/ScreenshotTile,com.github.ipcjs.screenshottile
cyder/SyncPod-Android,com.cyder.android.syncpod
cymcsg/UltimateRecyclerView,com.marshalchen.ultimaterecyclerview.demo
d-Rickyy-b/MGGVertretungsplan,de.aurora.mggvertretungsplan
d4rken/reddit-android-appstore,subreddit.android.appstore
danikula/AndroidVideoCache,com.danikula.videocache.sample
danirod/rectball,es.danirod.rectball.android
danvratil/FBEventSync,cz.dvratil.fbeventsync
dasmikko/facepunchdroid,com.apps.anker.facepunchdroid
davemorrissey/subsampling-scale-image-view,com.davemorrissey.labs.subscaleview.test
davideas/FlexibleAdapter,eu.davidea.samples.flexibleadapter
dawei101/shadowsocks-android-java,com.vm.shadowsocks
dawidd6/AndTTT,com.github.dawidd6.andttt
delight-im/Android-AdvancedWebView,im.delight.android.examples.webview
delight-im/Android-DDP,im.delight.android.ddp.examples
deltachat/deltachat-android,org.thoughtcrime.securesms
demokratie-live/democracy-client,de.democracydeutschland.app
devgianlu/Aria2App,com.gianlu.aria2app
devgianlu/PretendYoureXyzzyAndroid,com.gianlu.pretendyourexyzzy
devolonter/Pretty-Painter,org.sprite2d.apps.pp
dhbw-timetable/dhbw-timetable-android,dhbw.timetable
didi/DoraemonKit,com.didichuxing.doraemonkit
dimtion/Shaarlier,com.dimtion.shaarlier
diogobernardino/williamchart,com.db.williamchartdemo
dizitart/nitrite-database,org.dizitart.no2.sample.android
djschilling/sopa,de.sopa
djuelg/Neuronizer,de.djuelg.neuronizer
dlazaro66/QRCodeReaderView,com.QRCodeReaderView
dlutton/flutter_tts,com.tundralabs.fluttertts
douglasjunior/android-simple-tooltip,io.github.douglasjunior.androidSimpleTooltip.sample
douglasjunior/react-native-simple-dialogs,com.sample
duckduckgo/Android,com.duckduckgo.app.browser
e4basil/PercentageProgressBar,com.android.basi.progressapp
eduvpn/android,nl.eduvpn.app
eidottermihi/rpicheck,de.eidottermihi.raspicheck
eitan12345om/HouseParty,com.houseparty.houseparty
ekumenlabs/tangobot,com.ekumen.tangobot.application
ekylibre/zero-android,ekylibre.zero
electrode-io/electrode-native,com.walmartlabs.ern.{{{lowerCaseMiniAppName}}}
elpassion/el-space-android,pl.elpassion
eltos/SimpleDialogFragments,eltos.simpledialogfragment
emekalites/react-native-alarm-notification,com.emekalites.react.alarm.notification
enginebai/MovieHunt,com.getbase.floatingactionbutton
enricocid/Music-Player-GO,com.iven.musicplayergo
ericcornelissen/NervousFish,com.nervousfish.nervousfish
ericyuegu/whaddya-havin,com.ericyuegu.whaddyahavin
ernestoyaquello/DragDropSwipeRecyclerview,com.ernestoyaquello.dragdropswiperecyclerviewsample
esafirm/android-image-picker,com.esafirm.imagepicker
espeak-ng/espeak-ng,com.reecedunn.espeak
esteemapp/esteem-mobile,app.esteem.mobile.android
estevez-dev/ha_client,com.keyboardcrumbs.hassclient
ethanblake4/carbonplayer,io.ethanblake4.exponentcore
evernote/android-job,com.evernote.android.job
evernote/android-state,com.evernote.android.state.demo.java8
evilcorpltd/aTox,ltd.evilcorp.domain
evollu/react-native-fcm,com.evollu.react.fcm
evrencoskun/TableView,com.evrencoskun.tableview
exokitxr/exokit,com.webmr.exokit
f2prateek/dart,com.f2prateek.dart.module1
fabianblom/Toon-Android,com.toonapps.toon
facebook/buck,com.facebook.buck.android.agent
facebookincubator/spectrum,com.facebook.spectrum.tests
faruktoptas/FancyShowCaseView,me.toptas.fancyshowcase
fasteque/rgb-tool,com.fastebro.androidrgbtool
fastlane/fastlane,tools.fastlane.localetester
federicoiosue/Omni-Notes,it.feio.android.omninotes
fekracomputers/IslamicLibraryAndroid,com.fekracomputers.islamiclibrary
fennifith/Alarmio,me.jfenn.alarmio
fennifith/Status,com.james.status
feragusper/BuenosAiresAntesYDespues,com.feragusper.buenosairesantesydespues
firebase/FirebaseUI-Android,com.firebase.uidemo
firebase/firebase-android-sdk,com.google.firebase.database.collection
firebase/quickstart-android,com.google.firebase.quickstart.deeplinks
firemaples/EverTranslator,tw.firemaples.onscreenocr
fitness-app-EPS/fitness-app-client,com.fitnessapp.client
flipkart-incubator/proteus,com.flipkart.android.proteus.recyclerview.v7
florent37/Flutter-AssetsAudioPlayer,com.github.florent37.assetsaudioplayer
florent37/MaterialViewPager,com.github.florent37.materialviewpager
fluttercommunity/flutter_downloader,vn.hunghd.flutterdownloader
fluttify-project/amap_location_fluttify,me.yohom.amap_location_fluttify
fluttify-project/amap_search_fluttify,me.yohom.amap_search_fluttify
forcemagic/zsirkreta,com.speedyblur.kretaremastered
fr3ts0n/AndrOBD,com.fr3ts0n.ecu.gui.androbd
frankmorgner/vsmartcard,com.vsmartcard.remotesmartcardreader.app
fridayideas/daytomato,com.fridayideas.daytomato
frinder/frinder-app,com.frinder.frinder
futurice/freesound-android,com.futurice.freesound
gabrieldelsaint/npr-android-app,org.npr.android.news
gallettilance/main,ilo.ilo
gameraccoon/thewe,com.hardyhamsters.thewe
gantonious/MaterialDayPicker,ca.antonious.materialdaypicker
gateship-one/odyssey,org.gateshipone.odyssey
gdg-x/frisbee,org.gdg.frisbee.android
geckour/Egret,com.geckour.egret
genonbeta/TrebleShot,com.genonbeta.TrebleShot
gentlecat/OpenNMS-Android-Client,org.opennms.android
gentlecat/counter,me.tsukanov.counter
getsentry/sentry-android,io.sentry.android.core
ghusta/android-docker-search,fr.husta.android.dockersearch
gitpoint/git-point,com.gitpoint
gitskarios/Gitskarios,com.alorma.github
gogins/csound-extended,com.csounds
goldy1992/Mp3Player,com.github.goldy1992.mp3player
google-ar/sceneform-android-sdk,com.google.ar.sceneform.ux
google/ExoPlayer,com.google.android.exoplayer2.demo
google/cameraview,com.google.android.cameraview
google/filament,com.google.android.filament
google/flexbox-layout,com.google.android.apps.flexbox
google/oboe,com.google.oboe.tests.unittestrunner
googlesamples/easypermissions,pub.devrel.easypermissions.sample
gotify/android,com.github.gotify
grandcentrix/ThirtyInch,net.grandcentrix.thirtyinch.sample
greenhub-project/batteryhub,com.hmatalonga.greenhub
guardianproject/ObscuraCam,org.witness.sscphase1
gyf-dev/ImmersionBar,com.gyf.immersionbar.sample
gyrodraw/GyroDraw,ch.epfl.sweng.GyroDraw
h6ah4i/android-advancedrecyclerview,com.h6ah4i.android.example.advrecyclerview
halfhp/androidplot,com.androidplot.demos
hanjoongcho/aaf-easydiary,me.blog.korn123.easydiary
hanks-zyh/HTextView,com.hanks.htextview.fade
hazuki0x0/YuzuBrowser,jp.hazuki.yuzubrowser.legacy
hbb20/CountryCodePickerProject,com.hbb20
heinrichreimer/android-issue-reporter,com.heinrichreimersoftware.androidissuereporter.example
heinrichreimer/material-drawer,com.heinrichreimersoftware.materialdrawer
heinrichreimer/material-intro,com.heinrichreimersoftware.materialintro.demo
henrikbossart/courseTracker,gruppe087.coursetracker
hidroh/materialistic,io.github.hidroh.materialistic
hold17/cphindustries,dk.blackdarkness.g17.cphindustries
home-assistant/home-assistant-android,io.homeassistant.companion.android
hufman/AndroidAutoIdrive,me.hufman.androidautoidrive
hyb1996/Auto.js,com.stardust.automator
hypery2k/nativescript-fabric,org.nativescript.nativescriptfabric
iSoron/uhabits,org.isoron.uhabits
iTXTech/Daedalus,org.itxtech.daedalus
icerockdev/moko-mvvm,com.icerockdev.app
icerockdev/moko-network,com.icerockdev.app
icerockdev/moko-resources,com.icerockdev
icerockdev/moko-widgets,com.icerockdev
ifmvo/TogetherAd,com.matthewchen.togetherad
igooralm192/ProjetoPOO,com.example.igor.projetopoo
igorski/MWEngine,nl.igorski.example
ikarus23/MifareClassicTool,de.syss.MifareClassicTool
ikbenpinda/uitstelgedragkt,achan.nl.uitstelgedrag
indywidualny/FaceSlim,org.indywidualni.fblite
innoveit/react-native-ble-manager,it.innove
inorichi/tachiyomi,eu.kanade.tachiyomi
invertase/react-native-firebase,io.invertase.firebase._template_
invoiceninja/flutter-client,com.invoiceninja.flutter
iqiyi/xCrash,xcrash.sample
irccloud/android,com.irccloud.android
isabelcosta/UbiBike,pt.ulisboa.tecnico.cmu.ubibike
isuPatches/WiseFy,com.isupatches.wisefysample
isurunuwanthilaka/d2d-app-android,com.fyp.d2d_android
ivoberger/EnQ,com.ivoberger.jmusicbot
jahirfiquitiva/Blueprint,jahirfiquitiva.apps.blueprint.demo
jahirfiquitiva/Frames,jahirfiquitiva.apps.frames.sample
janoliver/pOT-Droid,com.mde.potdroid
jberkel/sms-backup-plus,com.zegoggles.smssync
jcvasquezc/SMA2,com.sma2.sma2
jdeferred/jdeferred,org.jdeferred2.android
jeancsanchez/JcPlayer,com.example.jean.jcplayersample
jellow-aac/Jellow-Communicator,com.dsource.idc.jellowintl
jereksel/Bucket,com.jereksel.themereaderassetmanager
jgaa/VikingGTD,eu.lastviking.app.vgtd
jhomlala/catcher,com.jhomlala.catcher
jksdf/PV239,ly.betime.shuriken
jmfayard/gradle-dependencies-plugins,com.raywenderlich.android.smallvictories
johncarl81/transfuse,org.androidtransfuse.integrationTest
jonan/ForkHub,com.github.mobile
jorenham/fingerblox,org.opencv
josdem/jugoterapia-mobile,com.jugoterapia.josdem
jpardogo/PagerSlidingTabStrip,com.astuetz.viewpager.extensions.sample
jpomykala/PaxCosmica,pl.evelanblog.paxcosmica.android
jruesga/PhotoPhase,com.ruesga.android.wallpapers.photophase.gms
jruesga/rview,com.ruesga.rview.aceeditor
jsettlers/settlers-remake,jsettlers.main.android
judemanutd/AutoStarter,com.judemanutd.autostarterexample
julian-klode/dns66,org.jak_linux.dns66
julianvasa/panoramagl-android,com.example.hellopanoramagl
jungilhan/awesome-blogs-android,eu.fiskur.markdownview
jusleg/simple-calculator,com.simpletools.calculator.commons
k0shk0sh/FastHub,com.fastaccess
k3b/APhotoManager,de.k3b.android.androFotoFinder
k9mail/k-9,com.fsck.k9.backend.pop3
kabouzeid/Phonograph,com.kabouzeid.gramophone
keymanapp/keyman,com.tavultesoft.kmapro
kiall/android-tvheadend,ie.macinnes.tvheadend
kirimin/mitsumine,me.kirimin.mitsumine
kittinunf/fuel,com.example.fuel
kiwicom/mobile,com.kiwi.mobile.rnandroidplayground
kiwix/kiwix-android,org.kiwix.kiwixmobile.custom
klinker-apps/talon-for-twitter-android,com.klinker.android.twitter_l
kmcgill88/admob_flutter,com.shatsy.admobflutter
kmzbrnoI/hJOPandroidDriver,cz.mendelu.xmarik.train_manager
kontalk/androidclient,org.kontalk
koral--/android-gif-drawable,pl.droidsonroids.gif.sample
kshoji/USB-MIDI-Driver,jp.kshoji.driver.midi
kubenav/kubenav,io.kubenav.kubenav
laobie/StatusBarUtil,com.jaeger.statusbardemo
laundree/app,io.laundree
laurent22/joplin,net.cozic.joplin
laurentsebag/android-wifi-timer,org.laurentsebag.wifitimer
leancloud/java-unified-sdk,com.huawei.android.hms.agent
lecho/hellocharts-android,lecho.lib.hellocharts
leinardi/FloatingActionButtonSpeedDial,com.leinardi.android.speeddial.sample
leisim/auto_size_text,com.github.leisim.auto_size_text.demo
letelete/sleep-cycle-alarm,com.gmail.brunokawka.poland.sleepcyclealarm
letsdoitworld/World-Cleanup-Day,com.teeme.ldi
lexica/lexica,com.serwylo.lexica
lfuelling/lrkFM,io.lerk.lrkFM
liangjingkanji/Net,com.drake.net
liballeg/allegro5,org.liballeg
libgdx/libgdx,com.badlogic.gdx.tests.android
lidox/nccn-distress-thermometer,com.artursworld.nccn
light-launcher/Light-Android-Launcher,com.github.postapczuk.lalauncher
ligi/PassAndroid,org.ligi.passandroid
ligi/SurvivalManual,org.ligi.survivalmanual
ligi/gobandroid,org.ligi.gobandroid_hd
lingochamp/FileDownloader,com.liulishuo.filedownloader
lostzen/lost,com.example.lost
ltGuillaume/DroidShows,nl.asymmetrics.droidshows
luckytoilet/WATisRain,com.lucky.watisrain
luizgrp/SectionedRecyclerViewAdapter,io.github.luizgrp.sectionedrecyclerviewadapter.demo
lutraconsulting/input,uk.co.lutraconsulting
mCodex/react-native-sensitive-info,br.com.classapp.RNSensitiveInfo
magnusja/libaums,com.github.mjdev.libaums.storageprovider
manijak/nativescript-carousel,__PACKAGE__
maniksejwal/Memory-Assistant,com.memory_athlete.memoryassistant
mapbox/mapbox-gl-native,com.mapbox.mapboxsdk.maps.benchmark_runner
mapbox/mapbox-gl-native-android,com.mapbox.mapboxsdk.testapp
mapbox/mapbox-navigation-android,com.mapbox.navigation.trip.notification
mapbox/mapbox-plugins-android,com.mapbox.mapboxsdk.plugins.traffic
mapswipe/mapswipe,org.missingmaps.mapswipe
mapzen/android,com.mapzen.android
markzhai/AndroidPerformanceMonitor,com.example.blockcanary
martykan/forecastie,cz.martykan.forecastie
marverenic/Jockey,com.google.android.exoplayer2.ext.flac
mash-up-kr/9tique-android,kr.co.mash_up.a9tique
maskarade/Android-Orma,com.github.gfx.android.orma.example
massivedisaster/ADAL,com.massivedisaster.adal.sample
matejpoliacek/GalileoGameApp,com.chocolateam.galileospaceship
material-components/material-components-android,io.material.demo.codelab.buildingbeautifulapps
material-foundation/material-remixer-android,com.google.android.libraries.remixer.storage
material-motion/material-motion-android,com.google.android.material.motion.sample
matomo-org/matomo-sdk-android,org.matomo.demo
mattvb91/Subterminal,mavonie.subterminal
mayankmetha/Rucky,com.mayank.rucky
mazurio/bodyweight-fitness-android,com.bodyweight.fitness
medyo/android-about-page,mehdi.sakout.aboutpage.sample
melihaksoy/Android-Kotlin-Modulerized-CleanArchitecture,com.melih.detail
mendhak/gpslogger,com.mendhak.gpslogger
mercadopago/px-android,com.mercadopago.example
metrodroid/metrodroid,au.id.micolous.farebot
mgks/Android-SmartWebView,mgks.os.webview
michaelkourlas/voipms-sms-client,net.kourlas.voipms_sms
microg/android_packages_apps_GmsCore,org.microg.gms.maps.vtm
microsoft/AdaptiveCards,io.adaptivecards
microsoft/appcenter-sdk-android,com.microsoft.appcenter.sasquatch
micuintus/harbour-Berlin-Vegan,org.berlin_vegan.bvapp
mikepenz/AboutLibraries,com.mikepenz.aboutlibraries.sample
mikepenz/Android-Iconics,com.mikepenz.iconics.typeface.library.googlematerial
mikepenz/FastAdapter,com.mikepenz.fastadapter.expandable
mikepenz/MaterialDrawer,com.mikepenz.materialdrawer.app
mingli1/GitSpark,com.gitspark.gitspark
mingli1/Symbol,com.symbol.game
mixpanel/mixpanel-android,com.mixpanel.example.hello
mkulesh/microMathematics,com.mkulesh.micromath.plus
mmazzarolo/react-native-modal-datetime-picker,com.example
moagrius/TileView,com.moagrius.tileview
mobileappdevhm/team2,edu.hm.cs.mobileappdev.coursesinenglish
mockingbot/react-native-zip-archive,com.rnziparchive
moezbhatti/qksms,com.moez.QKSMS.domain
mofadlalla/sipdroid,org.sipdroid.sipua
momotech/MLN,com.immomo.mls
moneymanagerex/android-money-manager-ex,com.mikepenz.mmex_icon_font_typeface_library
mono/mono,org.mono.android.AndroidTestRunner
mootoh/messtin,net.mootoh.messtin_android.app
mosmetro-android/mosmetro-android,pw.thedrhax.mosmetro
mosra/magnum,cz.mosra.magnum.PlatformAndroidApplicationTest
mosra/magnum-integration,cz.mosra.magnum.ImGuiApplicationTest
mozilla-lockwise/lockwise-android,mozilla.lockbox.thirdparty
mozilla-mobile/android-components,mozilla.components.lib.push.firebase
mozilla-mobile/fenix,org.mozilla.fenix
mozilla-mobile/focus-android,org.mozilla.focus
mozilla-mobile/reference-browser,org.mozilla.reference.browser
mozilla-tw/FirefoxLite,com.davemorrissey.labs.subscaleview
mrgames13/feinstaub-app,com.mrgames13.jimdo.feinstaubapp
mrlaessig/react-native-autocomplete-input,com.autocompleteexample
msfjarvis/viscerion,me.msfjarvis.viscerion.util
mukeshsolanki/android-otpview-pinview,com.mukesh.otpview_example
mukeshsolanki/country-picker-android,com.mukesh.countrypicker
musicbeeremote/android-app,com.kelsos.mbrc
myspecialway/my-special-way-android,org.myspecialway
mzlogin/guanggoo-android,org.mazhuang.guanggoo
n-apps/ScoreCounter,ua.napps.scorekeeper
naXa777/SoundRecorder,by.naxa.soundrecorder
naman14/TimberX,com.naman14.timberx
natario1/CameraView,com.otaliastudios.cameraview
natario1/ZoomLayout,com.otaliastudios.zoom.demo
nativescript-vue/nativescript-vue,__PACKAGE__
navit-gps/navit,org.navitproject.navit
nbossard/packlist,com.nbossard.packlist
ncapdevi/FragNav,com.ncapdevi.fragnav
nextcloud/android,com.owncloud.android
nextcloud/android-library,com.owncloud.android.lib
nextcloud/news-android,de.luhmer.owncloudnewsreader
nextcloud/talk-android,com.nextcloud.talk
nfcgate/nfcgate,tud.seemuh.nfcgate.nfcd
nhaarman/acorn,com.nhaarman.acorn.android
niccokunzmann/mundraub-android,eu.quelltext.mundraub
nikclayton/android-squeezer,uk.org.ngo.squeezer
nikita36078/J2ME-Loader,ru.playsoftware.j2meloader
nitaliano/react-native-mapbox-gl,com.mapbox.rctmgl
norkator/Paketin-Seuranta,com.nitramite.paketinseuranta
noties/Markwon,io.noties.markwon.ext.latex
novoda/download-manager,com.novoda.downloadmanager
novoda/merlin,com.novoda.merlin.rxjava
novoda/no-player,com.novoda.demo
nutritionfactsorg/daily-dozen-android,org.nutritionfacts.dailydozen
oVirt/moVirt,org.ovirt.mobile.movirt
ogaclejapan/SmartTabLayout,com.ogaclejapan.smarttablayout.utils
opacapp/multiline-collapsingtoolbar,net.opacapp.multilinecollapsingtoolbar
opacapp/opacclient,de.geeksfactory.opacclient
open-keychain/open-keychain,org.sufficientlysecure.materialchips
open-webrtc-toolkit/owt-client-android,owt.sample.conference
openHPI/xikolo-android,de.xikolo.lanalytics
openMF/Fineract-CN-mobile,com.mifos.apache.fineract
openMF/android-client,com.mifos.mifosxdroid
openbase/bco.bcomfy,org.openbase.bco.bcomfy
openbmap/radiocells-scanner-android,org.openbmap
opendatakit/collect,org.odk.collect.android
opendatakit/skunkworks-crow,org.odk.share
openfoodfacts/openfoodfacts-androidapp,openfoodfacts.github.scrachx.openfood
openframeworks/openFrameworks,cc.openframeworks.cc
opengisch/QField,ch.opengis.qfield
openhab/openhab-android,org.openhab.habdroid
orgzly/orgzly-android,com.orgzly
orhanobut/dialogplus,com.orhanobut.android.dialogplussample
orhanobut/hawk,com.orhanobut.benchmark
orhanobut/logger,com.orhanobut.sample
osfans/trime,com.osfans.trime
owntracks/android,org.owntracks.android
oxygen-updater/oxygen-updater,com.arjanvlek.oxygenupdater
pacien/tincapp,org.pacien.tincapp
pacmacro/pm-android,ca.sfu.pacmacro
panpf/sketch,me.panpf.sketch.sample
pascaldekloe/colfer,com.example.FlatBufferTest
pawslaw/MAD405-Android-Project,net.portalcode.mad405_android_project
paypal/SeLion,com.paypal.selion.pageobjectsdemoapp
pazaan/600SeriesAndroidUploader,info.nightscout.android
pedroSG94/rtmp-rtsp-stream-client-java,net.ossrs.rtmp
permissions-dispatcher/PermissionsDispatcher,permissions.dispatcher.sample
pichillilorenzo/flutter_inappwebview,com.pichillilorenzo.flutter_inappwebview
pickupappufrpe/PickUpApp,com.pickupapp
pilhuhn/ZwitscherA,de.bsd.zwitscher
pilot51/voicenotify,com.pilot51.voicenotify
pires/android-obd-reader,com.github.pires.obd.reader
pixielabs/cavy,com.cavydirectory
pjsip/pjproject,org.pjsip.pjsua2.app
pocmo/Yaaic,org.yaaic.protocol
popcorn-official/popcorn-android,butter.droid.base
premnirmal/StockTicker,com.github.premnirmal.tickerwidget
privacyidea/privacyidea-authenticator,it.netknights.piauthenticator
processing/processing-android,vrcube
prof18/RSS-Parser,com.prof.rssparser.sample.java
prolificinteractive/material-calendarview,com.prolificinteractive.materialcalendarview.sample
proyecto26/react-native-inappbrowser,com.proyecto26.inappbrowser
pushtorefresh/storio,com.pushtorefresh.storio3
pvasa/cameraview-ex,com.priyankvasa.android.cameraviewex
pwittchen/NetworkEvents,com.github.pwittchen.networkevents.app
qaul/qaul.net,net.qaul.app
qlcchain/WinQ-Android,com.stratagile.libsodiumconfidant
quaap/LaunchTime,com.quaap.launchtime
quarck/CalendarNotification,com.github.quarck.calnotify
quran/quran_android,com.quran.labs.androidquran
ram-on/SkyTube,free.rm.skytube
raphaelmue/financer,de.raphaelmuesseler.financer.client.app
razerdp/BasePopup,razerdp.library
react-native-community/react-native-modal,com.modalexample
react-native-community/react-native-share,cl.json
react-native-google-cast/react-native-google-cast,com.reactnative.googlecast
react-native-kit/react-native-track-player,com.guichaguri.trackplayer
react-native-webrtc/react-native-callkeep,io.wazo.callkeep
readium/SDKLauncher-Android,org.readium.sdk.android.launcher
readium/r2-testapp-kotlin,org.readium.r2.testapp
readrops/Readrops,com.readrops.readropslibrary
realm/realm-android-adapters,io.realm.android.tests
realm/realm-tasks,io.realm.react.example
rectangle-dbmi/Realtime-Port-Authority,rectangledbmi.com.pittsburghrealtimetracker
redsolution/xabber-android,github.ankushsachdeva.emojicon
requery/requery,io.requery.android
rey5137/material,com.rey.material.demo
rhdunn/espeak,com.reecedunn.espeak
robolectric/robolectric,org.robolectric
rocketshipapps/adblockfast,com.rocketshipapps.adblockfast
rolandoasmat/Movie-Night,com.asmat.rolando.popularmovies
romandanylyk/PageIndicatorView,com.rd.pageindicatorview.sample
romellfudi/VoIpUSSD,com.romellfudi.ussd
room-15/ChatSE,me.shreyasr.chatse
rosuH/AndroidFilePicker,me.rosuh.sample
roughike/BottomBar,com.roughike.bottombar
rovo89/XposedInstaller,de.robv.android.xposed.installer
rsiebert/TVHClient,org.tvheadend.tvhclient
rtchagas/pingplacepicker,com.rtchagas.pingsample
rumax/react-native-PDFView,com.rumax.reactnative.pdfviewer
rumboalla/apkupdater,com.apkupdater
salman-bhai/hello-world,com.example.android.coffee
samanzamani/PersianDate,saman.zamani.persiandate
samuelclay/NewsBlur,com.newsblur
sangcomz/FishBun,com.sangcomz.fishbundemo
sankarvijay/myNanterre,miage.parisnanterre.fr.mynanterre
sarbagyastha/youtube_player_flutter,np.com.sarbagyastha.youtube_player_flutter_example
schaal/ocreader,email.schaal.ocreader
schibsted/account-sdk-android,com.schibsted.account.uiSmartlockController
schibsted/tweet_ui,com.schibsted.tweetui.example
schwabe/ics-openvpn,de.blinkt.openvpn
scrum-bums/donation-boi,com.scrumbums.donationboi
scwang90/SmartRefreshLayout,com.scwang.smart.drawable.paint
sds100/KeyMapper,io.github.sds100.keymapper
segv11/boot-unlocker,net.segv11.bootunlocker
selendroid/selendroid,io.selendroid.testapp
sellmair/kompass,io.sellmair.kompass.android
seven332/EhViewer,com.hippo.ehviewer
shadowsocks/shadowsocks-android,com.github.shadowsocks.tv
shagalalab/qarejet-android,com.shagalalab.qarejet.core.utils
shiftlyapp/Shiftly,com.technion.shiftlyapp.shiftly
shymmq/librus-client,pl.librus.client
siacs/Conversations,eu.siacs.conversations
siggel/coordinatejoker,com.github.siggel.coordinatejoker
simformsolutions/flutter_showcaseview,com.simform.example
simlar/simlar-android,org.simlar
simple-last-fm-scrobbler/sls,com.adam.aslfms
sjnyag/stamp,com.sjn.stamp
sjwall/MaterialTapTargetPrompt,uk.co.samuelwall.materialtaptargetprompt.sample
skydoves/Balloon,com.skydoves.balloondemo
skyline-emu/skyline,emu.skyline
slapperwan/gh4a,com.gh4a
snufflesrea/MyClock,com.andreasgift.myclock
sockeqwe/mosby,com.hannesdorfmann.mosby3.presentermanager
software-engineering-utfpr/app,com.riodocampolimpo
solkin/mandarin-android,com.tomclaw.preferences
souvik-ghosh/react-native-create-thumbnail,com.reactlibrary
squanchy-dev/squanchy-flutter,net.squanchy.develop.flutter
square/leakcanary,com.squareup.leakcanary.fragments.android_support
square/workflow,com.squareup.workflow.ui
standardnotes/android-classic,org.standardnotes.notes
status-im/status-react,im.status.ethereum
stefan-niedermann/nextcloud-deck,it.niedermann.nextcloud.deck
stefan-niedermann/nextcloud-notes,it.niedermann.owncloud.notes
stephanenicolas/toothpick,com.github.stephanenicolas.toothpick.smoothie_lifecycle_viewmodel
stevesea/Adventuresmith,org.stevesea.adventuresmith
stevesoltys/seedvault,com.stevesoltys.seedvault
stfalcon-studio/StfalconImageViewer,com.stfalcon.sample
suhocki/starlord,kt.school.starlord
sumnerevans/wireless-debugging,live.flume.wireless.debugger
sunzhaoyuan/RoseChat,edu.rosehulman.sunz1.rosechat
swentel/indigenous-android,com.indieweb.indigenous
syncthing/syncthing-android,com.nutomic.syncthingandroid
systers/FirstAide-Android,com.peacecorps.pcsa
systers/malaria-app-android,com.peacecorps.malaria
systers/powerup-android,powerup.systers.com
t-robop/00-Atlas-ac,com.robop.scriptrobotcontroller
t-robop/01-Spica-Android,com.t_robop.yuusuke.a01_spica_android
taeiim/Android-Study,com.sieunsong.databindingex
tanersener/flutter-ffmpeg,com.arthenica.flutter.ffmpeg
tanersener/mobile-ffmpeg,com.arthenica.mobileffmpeg.test
tangrams/tangram-es,com.mapzen.tangram
tasks/tasks,org.tasks
teamfieldtrip/spirithunt,android.spirithunt.win
termux/termux-app,com.termux
th3rdwave/react-native-safe-area-context,com.th3rdwave.safeareacontext
the-blue-alliance/the-blue-alliance-android,com.thebluealliance.androidclient
tiemonl/imhungry,io.imhungry
timusus/Shuttle,com.simplecity.amp_library
tipsi/tipsi-stripe,com.gettipsi.stripe
tobykurien/WebApps,com.tobykurien.webapps
tommybuonomo/dotsindicator,com.tbuonomo.viewpagerdotsindicator
tonyofrancis/Fetch,com.tonyodev.fetch2downloaders
treehouses/remote,io.treehouses.remote
trishika/DroidUPnP,org.droidupnp
turing-tech/MaterialScrollBar,com.turingtechnologies.materialscrollbar
tuskyapp/Tusky,com.keylesspalace.tusky
tuur29/fuzzyclock,net.tuurlievens.fuzzyclockwatchface
twilio/twilio-chat-demo-android,com.twilio.chat.demo
tylerbwong/stack,me.tylerbwong.stack
uTox/uTox,tox.client.utox
uber/AutoDispose,autodispose2.android
uber/NullAway,com.uber.myapplication
uber/RIBs,com.uber.rib.memory_leak
uber/okbuck,com.uber.okbuck.example
ukanth/afwall,dev.ukanth.ufirewall
vadret/android,fi.kroon.vadret
vanita5/twittnuker,de.vanita5.twittnuker.common
vanniktech/Emoji,com.vanniktech.emoji.ios
veloce/lichobile,org.lichess.mobileapp
veniosg/Dir,com.veniosg.dir
vickychijwani/quill,me.vickychijwani.spectre
vladislav805/RFM-Radio,com.vlad805.fmradio
vmiklos/plees-tracker,hu.vmiklos.plees_tracker
voroshkov/Chorus-RF-Laptimer,com.hoho.android.usbserial
vrtdev/flutter_workmanager,be.tramckrijte.workmanager
wallabag/android-app,fr.gaulupeau.apps.InThePoche
walleth/walleth,org.walleth
wasdennnoch/AndroidN-ify,tk.wasdennnoch.androidn_ify
wdullaer/MaterialDateTimePicker,com.wdullaer.datetimepickerexample
wequick/Small,net.wequick.example.small.app.mine
westnordost/StreetComplete,de.westnordost.streetcomplete
willowtreeapps/Hyperion-Android,com.willowtreeapps.hyperion.buildconfig
wireapp/wire-android,com.waz
wix/Detox,com.example
wix/react-native-calendars,com.calendarsexample
wix/react-native-ui-lib,com.rnuilib
wncc/InstiApp,app.insti
wonday/react-native-pdf,org.wonday.pdf
woocommerce/woocommerce-android,com.woocommerce.android
woojiahao/bookit,team.android.projects.com.bookit
wordpress-mobile/AztecEditor-Android,org.wordpress.aztec.plugins.shortcodes
wordpress-mobile/WordPress-Android,org.wordpress.android
wordpress-mobile/WordPress-FluxC-Android,org.wordpress.android.fluxc.plugins.woocommerce
wulkanowy/wulkanowy,io.github.wulkanowy
xbmc/xbmc,com.plutinosoft.platinum
xing/xing-android-sdk,com.xing.api.oauth
xorum-io/codeforces_watcher,com.bogdan.codeforceswatcher
xuexiangjys/XUI,com.xuexiang.xui
y20k/escapepod,org.y20k.escapepod
y20k/trackbook,org.y20k.trackbook
y20k/transistor,org.y20k.transistor
yairm210/Unciv,com.unciv.app
yashovardhan99/HealersDiary,com.yashovardhan99.healersdiary
yayaa/LocationManager,com.yayandroid.locationmanager.sample
yazeed44/MultiImagePicker,net.yazeed44.imagepicker.library
yeSpud/MACSTransitApp,fnsb.macstransit
yeriomin/YalpStore,com.github.yeriomin.yalpstore
yevhenii-kanivets/open_money_tracker,com.blogspot.e_kanivets.moneytracker
yorkie/react-native-wechat,com.theweflex.react
yuliskov/SmartYouTubeTV,com.liskovsoft.exoplayeractivity
yunshuipiao/Potato,com.example.lower23
yuyakaido/CardStackView,com.yuyakaido.android.cardstackview.sample
zacdevil10/SpaceX-Launch-Tracker,uk.co.zac_h.spacex
zawadz88/MaterialPopupMenu,com.github.zawadz88.materialpopupmenu.sample
zeevy/grblcontroller,in.co.gorest.grblcontroller
zhanghai/AndroidFastScroll,me.zhanghai.android.fastscroll.sample
zhanghai/MaterialFiles,me.zhanghai.android.files
zhanghai/MaterialProgressBar,me.zhanghai.android.materialprogressbar.sample
zhanghai/MaterialRatingBar,me.zhanghai.android.materialratingbar.sample
zhihu/Matisse,com.zhihu.matisse.sample
zjupure/GlideWebpDecoder,com.bumptech.glide.integration.framesequence
zo0r/react-native-push-notification,com.dieam.reactnativepushnotification
zoff99/ToxAndroidRefImpl,com.zoffcc.applications.trifa
zom/Zom-Android-XMPP,org.ironrabbit.type
zsmb13/MaterialDrawerKt,co.zsmb.materialdrawerktexample
zxing/zxing,com.google.zxing.client.android
